act_avg,city,zip,percent_receiving_aid,cost_after_aid,state,rankingSortRank,hs_gpa_avg,businessRepScore,tuition,engineeringRepScore,displayName,institutionalControl,institution_name,branches,region,admission_rate,ug_enrollment,percent_white,percent_black,percent_hispanic,percent_asian,percent_aian,percent_nhpi,percent_twoormore,percent_nra,percent_unknown,percent_parttime,avg_cost,instante_tuition,outstate_tuition,tuition_revenue_per,instructional_expenditure_per,avg_faculty_salary,ft_faculty_rate,avg_net_price,number_titleIV,sat_avg
32.0,Princeton,8544,60.0,16793.0,NJ,1,3.9,,47140,4.1,Princeton University,private,Princeton University,1,2,0.0641,5246.0,0.4262,0.077,0.1012,0.2144,0.0015,0.0017,0.0433,0.1199,0.0147,0.0,64390.0,47140.0,47140.0,13216.0,53658.0,17519.0,0.849,10027.0,346.0,1500.0
32.0,Cambridge,2138,55.0,16338.0,MA,2,4.0,,48949,3.6,Harvard University,private,Harvard University,1,1,0.0516,7532.0,0.4201,0.0728,0.1109,0.1888,0.0021,0.0009,0.0665,0.1178,0.0202,0.0779,66900.0,48949.0,48949.0,31930.0,43823.0,19741.0,0.8589,14327.0,350.0,1523.0
32.0,Chicago,60637,42.0,27767.0,IL,3,4.0,,54825,,University of Chicago,private,University of Chicago,1,3,0.0873,6298.0,0.4211,0.053,0.1253,0.184,0.0013,0.0,0.0597,0.131,0.0246,0.0035,72717.0,56034.0,56034.0,28508.0,89151.0,18115.0,0.8239,25455.0,494.0,1524.0
32.0,New Haven,6520,50.0,18385.0,CT,3,,,51400,3.4,Yale University,private,Yale University,1,1,0.0693,5742.0,0.4469,0.0704,0.1261,0.1762,0.0057,0.0007,0.0625,0.1069,0.0045,0.0002,68950.0,51400.0,51400.0,17934.0,120956.0,17517.0,0.7459,18627.0,387.0,1520.0
32.0,New York,10027,48.0,21041.0,NY,5,,,57208,3.8,Columbia University,private,Columbia University in the City of New York,1,2,0.064,8147.0,0.3671,0.0751,0.132,0.1733,0.0042,0.001,0.0572,0.1689,0.0212,0.0698,71972.0,57208.0,57208.0,37294.0,89742.0,18713.0,0.4688,24231.0,526.0,1522.0
33.0,Cambridge,2139,58.0,20331.0,MA,5,,4.6,49892,4.9,Massachusetts Institute of Technology,private,Massachusetts Institute of Technology,1,1,0.0717,4489.0,0.3377,0.0628,0.1437,0.2662,0.0013,0.0,0.0686,0.1047,0.0149,0.0074,65478.0,49892.0,49892.0,32140.0,77686.0,18182.0,0.9903,20771.0,347.0,1532.0
31.0,Stanford,94305,47.0,19296.0,CA,5,,,49617,4.8,Stanford University,private,Stanford University,1,8,0.0473,7056.0,0.3569,0.0666,0.1562,0.2167,0.0089,0.0031,0.0962,0.0916,0.0038,0.0,66696.0,49617.0,49617.0,27778.0,114844.0,22924.0,0.9845,13261.0,363.0,1489.0
32.0,Philadelphia,19104,47.0,25441.0,PA,8,3.9,4.8,53534,3.6,University of Pennsylvania,private,University of Pennsylvania,1,2,0.093,10660.0,0.4369,0.0724,0.1032,0.2005,0.0012,0.0003,0.0467,0.1212,0.0176,0.0373,69340.0,53534.0,53534.0,38594.0,52065.0,17435.0,0.7316,24242.0,873.0,1506.0
31.0,Durham,27708,41.0,23374.0,NC,9,,,53744,3.7,Duke University,private,Duke University,1,5,0.0986,6552.0,0.4356,0.0998,0.0926,0.2109,0.0072,0.0011,0.0217,0.1044,0.0267,0.0024,69847.0,53500.0,53500.0,31235.0,70127.0,15844.0,0.9005,36415.0,784.0,1488.0
34.0,Pasadena,91125,51.0,23973.0,CA,10,,,49908,4.6,California Institute of Technology,private,California Institute of Technology,1,8,0.0774,961.0,0.2778,0.0135,0.1197,0.4329,0.0,0.0,0.0708,0.0853,0.0,0.0,65874.0,49908.0,49908.0,18456.0,98888.0,19600.0,0.9152,23345.0,69.0,1558.0
30.0,Hanover,3755,50.0,23312.0,NH,11,,,52950,3.2,Dartmouth College,private,Dartmouth College,1,1,0.1045,4315.0,0.5022,0.0667,0.1006,0.1497,0.0185,0.0032,0.054,0.0864,0.0185,0.0002,69474.0,53368.0,53368.0,31475.0,29248.0,14996.0,0.8153,30421.0,444.0,1483.0
32.0,Baltimore,21218,45.0,30067.0,MD,11,3.9,,52170,3.9,Johns Hopkins University,private,Johns Hopkins University,1,2,0.1254,5663.0,0.335,0.065,0.1381,0.2587,0.0012,0.0021,0.0519,0.1014,0.0466,0.0039,67603.0,52170.0,52170.0,25523.0,81395.0,13055.0,0.962,33586.0,641.0,1524.0
32.0,Evanston,60208,43.0,31087.0,IL,11,,,52678,4.0,Northwestern University,private,Northwestern University,1,3,0.0924,8489.0,0.4698,0.0597,0.1255,0.1695,0.0008,0.0,0.0543,0.0885,0.0319,0.0379,70317.0,52678.0,52678.0,29743.0,44763.0,16645.0,0.8215,24047.0,734.0,1500.0
31.0,Providence,2912,41.0,24482.0,RI,14,,,53419,3.3,Brown University,private,Brown University,1,1,0.0849,6670.0,0.439,0.0636,0.1154,0.1477,0.0045,0.0018,0.0604,0.1126,0.055,0.0024,68106.0,53419.0,53419.0,36238.0,34733.0,15276.0,0.8963,30205.0,664.0,1494.0
31.0,Ithaca,14853,44.0,28068.0,NY,14,,4.2,52853,4.2,Cornell University,private,Cornell University,2,2,0.1267,14815.0,0.3847,0.066,0.1285,0.1902,0.0038,0.0011,0.0463,0.1022,0.0771,0.0006,67613.0,52853.0,52853.0,28774.0,29285.0,14876.0,0.9048,31230.0,1368.0,1477.0
32.0,Houston,77251,37.0,23996.0,TX,14,,,45608,3.7,Rice University,private,Rice University,1,6,0.1586,3970.0,0.3458,0.0683,0.1466,0.2589,0.0015,0.0015,0.0423,0.1174,0.0176,0.0171,60518.0,45608.0,45608.0,23661.0,42825.0,15481.0,0.8217,20237.0,308.0,1535.0
32.0,Nashville,37240,46.0,23323.0,TN,14,3.8,,47664,3.4,Vanderbilt University,private,Vanderbilt University,1,5,0.1085,6856.0,0.4844,0.1034,0.0963,0.1349,0.0053,0.0029,0.0515,0.0758,0.0455,0.0095,64654.0,47664.0,47664.0,24187.0,32176.0,13450.0,0.8158,19959.0,505.0,1515.0
32.0,Notre Dame,46556,47.0,29653.0,IN,18,,4.1,51505,3.3,University of Notre Dame,private,University of Notre Dame,2,3,0.1892,8527.0,0.6891,0.0386,0.1053,0.0496,0.0015,0.0006,0.0478,0.0618,0.0056,0.0021,67043.0,51505.0,51505.0,24175.0,29029.0,14001.0,0.8961,28768.0,762.0,1486.0
32.0,St. Louis,63130,41.0,29245.0,MO,18,,4.0,51533,3.3,Washington University in St. Louis,private,Washington University in St Louis,1,4,0.1596,7253.0,0.5243,0.0775,0.0864,0.1732,0.0006,0.0001,0.0478,0.0735,0.0165,0.032,69754.0,51533.0,51533.0,25799.0,118824.0,14653.0,0.6718,28540.0,619.0,1508.0
30.0,Washington,20057,34.0,29667.0,DC,20,,3.8,52300,,Georgetown University,private,Georgetown University,1,2,0.1568,7128.0,0.5438,0.0644,0.1045,0.0953,0.0,0.001,0.0457,0.1258,0.0195,0.025,69313.0,52300.0,52300.0,37238.0,30793.0,15200.0,0.4835,30107.0,599.0,1451.0
30.0,Atlanta,30322,42.0,24264.0,GA,21,3.7,3.8,49392,,Emory University,private,Emory University,2,5,0.2204,6776.0,0.4109,0.0816,0.094,0.1961,0.0013,0.0004,0.037,0.1615,0.0171,0.0091,65080.0,49392.0,49392.0,26725.0,47872.0,13945.0,0.7713,26760.0,550.0,1443.0
29.0,Berkeley,94720,23.0,49614.0,CA,21,3.9,4.5,42112,4.7,University of California--Berkeley,public,University of California-Berkeley,1,8,0.1711,30574.0,0.2573,0.0175,0.1547,0.3452,0.0014,0.0011,0.0578,0.1227,0.0422,0.04,35767.0,14170.0,42184.0,20277.0,20030.0,16518.0,0.6859,15430.0,1742.0,1414.0
25.0,Los Angeles,90095,15.0,42896.0,CA,21,3.9,,41270,3.8,University of California--Los Angeles,public,University of California-Los Angeles,1,8,0.161,30994.0,0.2671,0.0342,0.2221,0.281,0.0018,0.0028,0.052,0.1173,0.0217,0.0176,33751.0,13261.0,41275.0,18313.0,49371.0,17908.0,0.7086,14309.0,2725.0,1387.0
30.0,Los Angeles,90089,33.0,33112.0,CA,21,3.7,4.1,54259,3.6,University of Southern California,private,University of Southern California,1,8,0.1595,18942.0,0.3971,0.0462,0.1447,0.2052,0.0014,0.0024,0.0566,0.1332,0.0133,0.0252,69547.0,54259.0,54259.0,34888.0,48382.0,14389.0,0.6048,30232.0,1126.0,1437.0
31.0,Pittsburgh,15213,40.0,33550.0,PA,25,3.8,4.2,53910,4.3,Carnegie Mellon University,private,Carnegie Mellon University,1,2,0.222,6434.0,0.2779,0.0437,0.0898,0.3087,0.0005,0.0003,0.0424,0.1826,0.0541,0.0216,67980.0,53910.0,53910.0,39806.0,32874.0,11852.0,0.9487,31102.0,695.0,1506.0
29.0,Charlottesville,22904,28.0,28079.0,VA,25,4.0,4.2,46975,3.4,University of Virginia,public,University of Virginia-Main Campus,1,5,0.2735,16207.0,0.5816,0.0665,0.0666,0.1393,0.001,0.0006,0.0442,0.0414,0.0588,0.0315,31186.0,16853.0,47273.0,21020.0,19941.0,13819.0,0.9423,20857.0,829.0,1415.0
28.0,Winston-Salem,27109,30.0,24241.0,NC,27,,3.4,51400,,Wake Forest University,private,Wake Forest University,1,5,0.2757,5101.0,0.6955,0.0674,0.0684,0.04,0.0014,0.0004,0.0286,0.0968,0.0014,0.0108,66440.0,51400.0,51400.0,32036.0,28205.0,11795.0,0.7714,33382.0,397.0,1240.0
29.0,Ann Arbor,48109,25.0,32856.0,MI,28,3.8,4.5,47476,4.4,University of Michigan--Ann Arbor,public,University of Michigan-Ann Arbor,1,3,0.265,29550.0,0.6051,0.0426,0.0573,0.1398,0.0015,0.0005,0.0406,0.0678,0.0448,0.0349,28652.0,14826.0,47476.0,23581.0,25620.0,11258.0,0.8275,14860.0,1606.0,1436.0
31.0,Medford,2155,34.0,27034.0,MA,29,,,54318,3.0,Tufts University,private,Tufts University,1,1,0.1491,5492.0,0.5657,0.0404,0.0679,0.1191,0.0,0.0,0.0493,0.102,0.0555,0.0055,68051.0,54318.0,54318.0,32313.0,22061.0,12131.0,0.6345,32620.0,464.0,1482.0
29.0,New York,10012,46.0,41783.0,NY,30,3.6,4.3,50464,2.9,New York University,private,New York University,1,2,0.2766,26055.0,0.306,0.061,0.1371,0.1978,0.0014,0.0018,0.0454,0.1914,0.058,0.0338,67865.0,50464.0,50464.0,35390.0,30614.0,13719.0,0.999,40336.0,2763.0,1408.0
27.0,Chapel Hill,27599,41.0,17815.0,NC,30,4.0,4.2,34588,,University of North Carolina--Chapel Hill,public,University of North Carolina at Chapel Hill,1,5,0.244,18658.0,0.6217,0.0795,0.0783,0.1068,0.0044,0.0005,0.0448,0.0269,0.037,0.0205,24872.0,9005.0,34588.0,14775.0,27735.0,12555.0,0.7726,14163.0,1572.0,1393.0
30.0,Chestnut Hill,2467,35.0,30170.0,MA,32,,3.6,53346,,Boston College,private,Boston College,1,1,0.3241,9636.0,0.6107,0.0395,0.1044,0.0962,0.0002,0.0002,0.0324,0.0689,0.0474,0.0115,68039.0,53346.0,53346.0,33677.0,23796.0,14977.0,0.5929,34550.0,968.0,1434.0
28.0,Williamsburg,23187,21.0,42153.0,VA,32,,3.3,43099,,College of William and Mary,public,William & Mary,1,5,0.3592,6243.0,0.5938,0.0734,0.0939,0.0774,0.0016,0.0005,0.0461,0.0621,0.0513,0.0082,35991.0,22044.0,43670.0,20919.0,15105.0,11189.0,0.7987,19720.0,368.0,1406.0
29.0,Waltham,2454,47.0,29288.0,MA,34,3.9,2.9,53582,,Brandeis University,private,Brandeis University,1,1,0.3422,3624.0,0.4732,0.0533,0.0742,0.1319,0.0008,0.0017,0.0306,0.21,0.0243,0.0011,68206.0,53537.0,53537.0,23516.0,19277.0,12774.0,0.6667,31308.0,421.0,1403.0
30.0,Atlanta,30332,15.0,39518.0,GA,34,3.9,3.5,33014,4.6,Georgia Institute of Technology,public,Georgia Institute of Technology-Main Campus,1,5,0.234,14810.0,0.4974,0.0701,0.067,0.2007,0.0003,0.0005,0.0381,0.0874,0.0385,0.0646,27245.0,12418.0,33014.0,13590.0,12566.0,12691.0,0.8908,13291.0,560.0,1389.0
29.0,Rochester,14627,51.0,28476.0,NY,34,,,52020,2.7,University of Rochester,private,University of Rochester,1,2,0.3421,6320.0,0.4472,0.0487,0.0717,0.109,0.0011,0.0008,0.0282,0.2403,0.053,0.0147,67722.0,52020.0,52020.0,22633.0,31359.0,12675.0,0.9334,30480.0,665.0,1410.0
28.0,Boston,2215,36.0,34539.0,MA,37,3.6,3.4,52082,3.1,Boston University,private,Boston University,1,1,0.2511,16716.0,0.397,0.0408,0.1154,0.1488,0.0005,0.0012,0.038,0.2172,0.0411,0.0219,67879.0,52082.0,52082.0,31947.0,30039.0,13657.0,0.6869,37065.0,1514.0,1401.0
30.0,Cleveland,44106,48.0,35248.0,OH,37,,3.5,47500,3.3,Case Western Reserve University,private,Case Western Reserve University,1,3,0.3312,5020.0,0.4875,0.0434,0.0651,0.2062,0.0008,0.001,0.047,0.1335,0.0155,0.0108,63216.0,47500.0,47500.0,25887.0,29979.0,11400.0,0.7824,35316.0,806.0,1441.0
25.0,Santa Barbara,93106,8.0,44849.0,CA,37,4.0,,42423,3.4,University of California--Santa Barbara,public,University of California-Santa Barbara,1,8,0.3281,22181.0,0.3195,0.0226,0.2656,0.1816,0.0014,0.0011,0.0831,0.0985,0.0266,0.0183,34990.0,14451.0,42465.0,14893.0,12526.0,15189.0,0.853,15801.0,2368.0,1346.0
31.0,Boston,2115,34.0,38521.0,MA,40,,3.1,49497,3.1,Northeastern University,private,Northeastern University,1,1,0.2744,13666.0,0.4585,0.0359,0.0772,0.1316,0.0004,0.0,0.0418,0.1901,0.0645,0.0,65469.0,49497.0,49497.0,35516.0,18038.0,12822.0,0.7578,29748.0,1350.0,1482.0
29.0,New Orleans,70118,31.0,35111.0,LA,40,3.5,3.2,52960,2.4,Tulane University,private,Tulane University of Louisiana,1,5,0.215,7871.0,0.6967,0.079,0.0722,0.0443,0.0023,0.0017,0.038,0.049,0.0168,0.1467,66896.0,52960.0,52960.0,27357.0,25525.0,11440.0,0.6504,34238.0,641.0,1442.0
28.0,Troy,12180,61.0,35125.0,NY,42,3.9,3.1,52305,3.5,Rensselaer Polytechnic Institute,private,Rensselaer Polytechnic Institute,2,2,0.4317,6314.0,0.5336,0.0393,0.0898,0.118,0.0011,0.0003,0.0672,0.137,0.0138,0.0014,68244.0,52305.0,52305.0,27347.0,17911.0,12584.0,0.8889,34839.0,1096.0,1405.0
,Irvine,92697,6.0,43506.0,CA,42,4.0,3.5,43530,3.3,University of California--Irvine,public,University of California-Irvine,1,8,0.3651,29295.0,0.1396,0.0192,0.2643,0.3568,0.0005,0.003,0.0382,0.1675,0.0109,0.0154,31976.0,13738.0,41752.0,15149.0,21993.0,15096.0,0.809,13376.0,3256.0,1291.0
25.0,La Jolla,92093,7.0,42933.0,CA,42,4.0,3.2,44197,3.7,University of California--San Diego,public,University of California-San Diego,1,8,0.3399,28577.0,0.1939,0.0154,0.1848,0.3461,0.0009,0.0026,0.0468,0.1941,0.0156,0.0244,31794.0,14018.0,42032.0,17287.0,26320.0,16038.0,0.8466,14628.0,2574.0,1343.0
27.0,Gainesville,32611,20.0,36825.0,FL,42,4.0,3.6,28658,3.4,University of Florida,public,University of Florida,1,5,0.4201,33655.0,0.5474,0.0621,0.2152,0.0812,0.0021,0.0062,0.0339,0.0199,0.0319,0.0822,21162.0,6381.0,28659.0,8834.0,16051.0,11746.0,0.8658,12343.0,2275.0,1356.0
29.0,Bethlehem,18015,38.0,25376.0,PA,46,,2.9,50740,3.2,Lehigh University,private,Lehigh University,1,2,0.2515,5057.0,0.6377,0.0368,0.0872,0.0827,0.0016,0.0008,0.0289,0.0858,0.0386,0.0113,62921.0,50740.0,50740.0,28732.0,22598.0,13272.0,0.8442,34212.0,578.0,1382.0
26.0,Malibu,90263,51.0,32416.0,CA,46,3.6,3.2,51992,,Pepperdine University,private,Pepperdine University,1,8,0.3985,3594.0,0.5061,0.0448,0.1372,0.1007,0.0036,0.0033,0.0604,0.1144,0.0295,0.0821,68352.0,51992.0,51992.0,31041.0,11969.0,12138.0,0.6107,33814.0,352.0,1319.0
24.0,Davis,95616,9.0,44075.0,CA,46,4.0,,42396,3.5,University of California--Davis,public,University of California-Davis,1,8,0.4336,30046.0,0.2516,0.0221,0.2143,0.2839,0.0018,0.0043,0.0515,0.1568,0.0137,0.026,34428.0,14419.0,42433.0,15911.0,25752.0,13940.0,0.8678,15769.0,2770.0,1286.0
28.0,Coral Gables,33124,33.0,34479.0,FL,46,3.6,3.1,48484,2.5,University of Miami,private,University of Miami,1,5,0.357,10613.0,0.4202,0.0824,0.2266,0.054,0.0012,0.0004,0.0319,0.1461,0.0371,0.0451,62810.0,48484.0,48484.0,29896.0,26072.0,12193.0,0.779,29184.0,750.0,1366.0
27.0,Madison,53706,16.0,36113.0,WI,46,3.8,3.8,34782,3.9,University of Wisconsin--Madison,public,University of Wisconsin-Madison,1,3,0.5381,29930.0,0.7318,0.0211,0.0521,0.0599,0.002,0.001,0.0328,0.0913,0.008,0.0458,25121.0,10533.0,34783.0,13132.0,15349.0,11908.0,0.8203,19880.0,1916.0,1361.0
30.0,Villanova,19085,44.0,35459.0,PA,46,3.7,3.2,51434,2.5,Villanova University,private,Villanova University,1,2,0.36,6886.0,0.7427,0.0504,0.0764,0.0648,0.0007,0.0,0.0254,0.0196,0.02,0.053,65640.0,51284.0,51284.0,28406.0,15510.0,11048.0,0.6536,41849.0,810.0,1409.0
25.0,University Park,16802,14.0,41789.0,PA,52,3.6,3.7,33664,3.7,Pennsylvania State University--University Park,public,Pennsylvania State University-Main Campus,23,2,0.5031,40553.0,0.6611,0.0438,0.0658,0.0619,0.0008,0.0008,0.0324,0.1157,0.0178,0.0215,35518.0,18436.0,33664.0,27265.0,21405.0,11211.0,0.7508,30373.0,2628.0,1269.0
26.0,Champaign,61820,9.0,35977.0,IL,52,,3.8,31988,4.4,University of Illinois--Urbana-Champaign,public,University of Illinois Urbana-Champaign,1,3,0.6153,32884.0,0.451,0.0595,0.1133,0.1846,0.0005,0.0007,0.0307,0.1557,0.004,0.0205,30064.0,15074.0,31194.0,14814.0,14734.0,12166.0,0.7508,18377.0,3316.0,1376.0
27.0,Columbus,43210,9.0,37032.0,OH,54,,3.8,29659,3.5,Ohio State University--Columbus,public,Ohio State University-Main Campus,6,3,0.4806,44853.0,0.6857,0.0574,0.0412,0.0673,0.001,0.0006,0.0339,0.0802,0.0327,0.0675,25471.0,10592.0,29696.0,15068.0,18302.0,12153.0,0.6516,17699.0,2735.0,1359.0
26.0,Athens,30602,13.0,30943.0,GA,54,4.0,3.6,30392,2.3,University of Georgia,public,University of Georgia,1,5,0.5401,28740.0,0.6929,0.0784,0.0611,0.1029,0.001,0.0008,0.038,0.0159,0.009,0.0585,26022.0,11818.0,30392.0,12088.0,9779.0,11126.0,0.9076,14625.0,2084.0,1316.0
27.0,Washington,20052,43.0,37996.0,DC,56,,3.3,53518,2.6,George Washington University,private,George Washington University,1,2,0.4098,11718.0,0.5253,0.0673,0.0979,0.1017,0.0013,0.0011,0.0383,0.1074,0.0596,0.0781,66996.0,53518.0,53518.0,31240.0,22517.0,14272.0,0.4867,31956.0,1143.0,1386.0
25.0,West Lafayette,47907,16.0,28383.0,IN,56,3.7,3.6,28804,4.3,Purdue University--West Lafayette,public,Purdue University-Main Campus,10,3,0.5747,31887.0,0.6378,0.0297,0.05,0.0734,0.0013,0.0008,0.0286,0.1555,0.0227,0.0507,22718.0,9992.0,28794.0,16418.0,19065.0,12150.0,0.9465,13746.0,2158.0,1293.0
26.0,Storrs,6269,33.0,37427.0,CT,56,,3.2,36948,2.9,University of Connecticut,public,University of Connecticut,5,1,0.4784,18930.0,0.5855,0.0594,0.1001,0.111,0.0013,0.0007,0.0307,0.0797,0.0316,0.0257,29803.0,14880.0,36948.0,14073.0,22283.0,11972.0,0.6784,20681.0,1506.0,1313.0
26.0,Austin,78712,7.0,40558.0,TX,56,,4.3,35766,4.1,University of Texas--Austin,public,The University of Texas at Austin,1,6,0.3649,39965.0,0.4149,0.0405,0.2307,0.2132,0.0015,0.0014,0.0366,0.0524,0.0089,0.0614,24933.0,10398.0,36744.0,10026.0,18022.0,12476.0,0.8405,16960.0,3614.0,1359.0
26.0,Seattle,98195,20.0,47746.0,WA,56,3.8,3.6,35538,3.7,University of Washington,public,University of Washington-Seattle Campus,3,8,0.4642,30295.0,0.4048,0.0299,0.0803,0.2459,0.0044,0.0048,0.0741,0.145,0.0106,0.058,24498.0,10974.0,35538.0,17222.0,26427.0,12625.0,0.7749,12037.0,2032.0,1331.0
27.0,Provo,84602,38.0,13186.0,UT,61,3.8,3.5,5460,2.6,Brigham Young University--Provo,private,Brigham Young University,1,7,0.524,31233.0,0.8229,0.0052,0.0598,0.0189,0.0028,0.0066,0.0403,0.0318,0.0116,0.0985,17801.0,5460.0,5460.0,5836.0,14613.0,10712.0,0.72,12974.0,1179.0,1364.0
27.0,New York,10023,,,NY,61,3.6,3.1,50601,,Fordham University,private,Fordham University,1,2,0.4644,9403.0,0.5815,0.0382,0.143,0.099,0.001,0.0012,0.034,0.0844,0.0177,0.0364,65105.0,50986.0,50986.0,27045.0,13924.0,13551.0,1.0,35694.0,1263.0,1337.0
28.0,Dallas,75275,24.0,47874.0,TX,61,3.7,3.2,52498,2.5,Southern Methodist University,private,Southern Methodist University,1,6,0.4877,6427.0,0.6462,0.0454,0.1144,0.0613,0.003,0.0009,0.0422,0.0864,0.0003,0.0299,69358.0,52498.0,52498.0,29021.0,17462.0,12582.0,0.6694,32190.0,491.0,1382.0
25.0,Syracuse,13244,48.0,33912.0,NY,61,3.6,3.3,46755,2.6,Syracuse University,private,Syracuse University,1,2,0.4688,14788.0,0.5692,0.0731,0.0958,0.0694,0.0057,0.0007,0.0316,0.1277,0.0268,0.0299,63195.0,46755.0,46755.0,24490.0,17059.0,11299.0,0.677,34173.0,1838.0,1277.0
28.0,College Park,20742,20.0,36786.0,MD,61,4.0,3.7,33606,3.6,University of Maryland--College Park,public,University of Maryland-College Park,1,2,0.445,29273.0,0.5039,0.125,0.0969,0.1696,0.001,0.0009,0.0425,0.0469,0.0133,0.0593,25701.0,10399.0,33606.0,14270.0,14948.0,13017.0,0.7781,18517.0,1301.0,1396.0
28.0,Worcester,1609,62.0,39995.0,MA,61,3.8,2.6,48628,2.9,Worcester Polytechnic Institute,private,Worcester Polytechnic Institute,1,1,0.4849,4337.0,0.635,0.0293,0.0932,0.033,0.0044,0.0,0.0203,0.1093,0.0756,0.0214,62522.0,48628.0,48628.0,26622.0,19378.0,11971.0,0.8416,40376.0,659.0,1200.0
26.0,Clemson,29634,7.0,38923.0,SC,67,4.0,3.0,35654,3.0,Clemson University,public,Clemson University,1,5,0.4718,19172.0,0.831,0.066,0.0377,0.0237,0.002,0.0003,0.0294,0.0071,0.0028,0.0301,28545.0,15116.0,36058.0,16723.0,13049.0,10255.0,0.9158,17696.0,1195.0,1338.0
27.0,Pittsburgh,15260,,,PA,68,4.0,3.5,30642,3.1,University of Pittsburgh,public,University of Pittsburgh-Pittsburgh Campus,5,2,0.5971,19134.0,0.7176,0.051,0.0369,0.0998,0.0007,0.0004,0.0413,0.0411,0.0111,0.0409,32633.0,19080.0,30642.0,17855.0,18033.0,10721.0,0.7528,28331.0,1479.0,1349.0
26.0,Washington,20016,46.0,36076.0,DC,69,3.7,2.9,46615,,American University,private,American University,1,2,0.294,7433.0,0.5668,0.0712,0.1363,0.0718,0.0009,0.0004,0.0444,0.0788,0.0293,0.0355,62162.0,46615.0,46615.0,31517.0,14556.0,11620.0,0.5687,36567.0,1097.0,1294.0
,Piscataway,8854,13.0,40121.0,NJ,69,,3.0,30023,3.1,Rutgers University--New Brunswick,public,Rutgers University-New Brunswick,3,2,0.578,35296.0,0.3883,0.0719,0.1317,0.2665,0.0005,0.0027,0.0326,0.0891,0.0168,0.0475,29550.0,14638.0,30579.0,13487.0,17364.0,11822.0,0.5504,20379.0,3370.0,1304.0
29.0,Hoboken,7030,40.0,51810.0,NJ,69,3.8,2.5,50554,2.7,Stevens Institute of Technology,private,Stevens Institute of Technology,1,2,0.4388,3114.0,0.6718,0.0193,0.1047,0.1233,0.0013,0.0,0.0,0.0405,0.0392,0.0003,64255.0,50554.0,50554.0,25070.0,11749.0,12940.0,1.0,36620.0,506.0,1410.0
24.0,College Station,77843,41.0,26376.0,TX,69,,3.5,30208,3.9,Texas A&M University--College Station,public,Texas A & M University-College Station,2,6,0.7054,52568.0,0.6197,0.03,0.2327,0.0694,0.0026,0.001,0.0312,0.0119,0.0015,0.1137,28143.0,11234.0,36606.0,10587.0,15761.0,11165.0,0.8521,20282.0,3602.0,1277.0
26.0,Minneapolis,55455,23.0,28170.0,MN,69,,3.8,26603,3.6,University of Minnesota--Twin Cities,public,University of Minnesota-Twin Cities,2,4,0.496,31535.0,0.677,0.0451,0.0414,0.0954,0.0027,0.001,0.0404,0.0893,0.0078,0.0705,25790.0,14417.0,26603.0,13355.0,15511.0,11759.0,0.823,17396.0,2237.0,1349.0
,Blacksburg,24061,,,VA,69,3.9,3.2,29371,3.9,Virginia Tech,public,Virginia Polytechnic Institute and State University,1,5,0.7006,27120.0,0.6603,0.0401,0.0603,0.0983,0.0014,0.0012,0.0446,0.0645,0.0294,0.0208,25762.0,13230.0,31014.0,13777.0,12599.0,11374.0,0.984,20343.0,1948.0,1284.0
26.0,Waco,76798,53.0,36761.0,TX,75,,3.1,43790,2.4,Baylor University,private,Baylor University,1,6,0.3895,14284.0,0.6342,0.0631,0.1526,0.0627,0.0043,0.0003,0.0471,0.0329,0.0029,0.0139,59063.0,43790.0,43790.0,23397.0,15390.0,9717.0,0.7877,34898.0,1970.0,1320.0
29.0,Golden,80401,21.0,47042.0,CO,75,3.8,,37436,3.1,Colorado School of Mines,public,Colorado School of Mines,1,7,0.5572,4751.0,0.7295,0.0118,0.0852,0.0495,0.0038,0.0006,0.0547,0.0564,0.0084,0.0415,32347.0,18386.0,37436.0,21008.0,16040.0,11405.0,0.8453,25710.0,262.0,1391.0
25.0,Amherst,1003,35.0,35445.0,MA,75,3.8,3.2,33662,2.9,University of Massachusetts--Amherst,public,University of Massachusetts-Amherst,1,1,0.5758,23010.0,0.6442,0.0438,0.0637,0.1002,0.0011,0.0006,0.0279,0.0596,0.0589,0.0664,29172.0,15411.0,33477.0,12740.0,15975.0,12386.0,0.8005,20926.0,2269.0,1288.0
26.0,Oxford,45056,10.0,42507.0,OH,78,3.8,3.2,32768,3.1,Miami University--Oxford,public,Miami University-Oxford,3,3,0.682,16816.0,0.7239,0.0319,0.0458,0.0219,0.0021,0.0007,0.0338,0.1359,0.004,0.0281,30420.0,14958.0,34211.0,18027.0,11720.0,9395.0,0.999,21288.0,1162.0,1332.0
25.0,Fort Worth,76129,35.0,33953.0,TX,78,,3.0,44760,2.9,Texas Christian University,private,Texas Christian University,1,6,0.4108,8983.0,0.7068,0.0544,0.1348,0.0315,0.0082,0.0022,0.004,0.0454,0.0126,0.0285,60135.0,44760.0,44760.0,26486.0,16985.0,11372.0,0.9761,35429.0,673.0,1285.0
23.0,Iowa City,52242,34.0,32794.0,IA,78,3.6,3.5,28813,2.9,University of Iowa,public,University of Iowa,1,4,0.8604,23349.0,0.7133,0.0334,0.076,0.0403,0.0018,0.0009,0.0313,0.0859,0.0173,0.0972,21875.0,8965.0,30609.0,13700.0,13779.0,11124.0,0.8493,15103.0,1855.0,1232.0
27.0,Worcester,1610,62.0,27702.0,MA,81,3.7,2.5,44400,,Clark University,private,Clark University,1,1,0.5627,2205.0,0.5764,0.0381,0.0798,0.0794,0.0018,0.0,0.0231,0.1379,0.0635,0.0082,53086.0,44400.0,44400.0,18428.0,12561.0,10701.0,1.0,27004.0,316.0,1110.0
25.0,Tallahassee,32306,27.0,34036.0,FL,81,,3.2,21673,,Florida State University,public,Florida State University,1,5,0.4919,32614.0,0.6204,0.0817,0.2038,0.0234,0.0022,0.0013,0.0367,0.0155,0.015,0.1051,22426.0,5656.0,18786.0,6237.0,10014.0,10893.0,0.85,14582.0,2644.0,1304.0
24.0,East Lansing,48824,5.0,47279.0,MI,81,3.7,3.6,39405,3.1,Michigan State University,public,Michigan State University,1,3,0.7155,38770.0,0.6749,0.0732,0.0437,0.0524,0.0019,0.0008,0.0309,0.1151,0.007,0.0908,27006.0,14460.0,39406.0,18994.0,16849.0,11705.0,0.8689,18576.0,3209.0,1220.0
27.0,Raleigh,27695,41.0,25623.0,NC,81,3.7,2.9,27406,3.4,North Carolina State University--Raleigh,public,North Carolina State University at Raleigh,1,5,0.5136,22801.0,0.7111,0.0592,0.0521,0.0636,0.0039,0.0007,0.0387,0.0451,0.0256,0.0685,22844.0,9058.0,27406.0,10308.0,16772.0,10808.0,0.8794,15024.0,1752.0,1331.0
23.0,Santa Cruz,95064,18.0,47616.0,CA,81,3.7,,42042,2.5,University of California--Santa Cruz,public,University of California-Santa Cruz,1,8,0.5094,17577.0,0.3143,0.019,0.2839,0.2215,0.001,0.0019,0.0798,0.062,0.0166,0.0282,35315.0,14020.0,42034.0,13640.0,10264.0,13899.0,0.7429,17884.0,2191.0,1287.0
23.0,Newark,19716,,,DE,81,3.7,3.0,32250,3.0,University of Delaware,public,University of Delaware,1,2,0.6289,18948.0,0.718,0.0563,0.081,0.0508,0.0015,0.0006,0.0313,0.0467,0.0138,0.041,25210.0,13160.0,33150.0,19072.0,18900.0,12616.0,0.977,16892.0,966.0,1250.0
28.0,Binghamton,13902,54.0,29356.0,NY,87,3.7,2.7,24403,2.3,Binghamton University--SUNY,public,Binghamton University,1,2,0.4036,13702.0,0.5744,0.0521,0.1125,0.1398,0.0007,0.0007,0.0214,0.0823,0.0162,0.0262,24725.0,9523.0,24403.0,8520.0,12671.0,9258.0,0.7066,18378.0,1289.0,1365.0
26.0,Denver,80208,40.0,31393.0,CO,87,3.7,2.9,48669,2.0,University of Denver,private,University of Denver,1,7,0.5805,5753.0,0.6869,0.0203,0.1093,0.0421,0.0021,0.0007,0.0422,0.0749,0.0214,0.0464,61824.0,48669.0,48669.0,27214.0,15302.0,10704.0,0.5815,32174.0,610.0,1294.0
26.0,Tulsa,74104,15.0,49957.0,OK,87,3.9,2.5,39502,2.2,University of Tulsa,private,University of Tulsa,1,6,0.3895,3316.0,0.5676,0.0531,0.0642,0.0522,0.0259,0.0012,0.0271,0.1924,0.0163,0.0362,56173.0,41509.0,41509.0,20400.0,15648.0,10669.0,0.773,23948.0,327.0,1335.0
24.0,Bloomington,47405,16.0,37563.0,IN,90,3.7,4.1,34845,,Indiana University--Bloomington,public,Indiana University-Bloomington,1,3,0.7601,33104.0,0.696,0.0447,0.0601,0.052,0.001,0.0002,0.0395,0.1039,0.0026,0.0299,24739.0,10533.0,34845.0,17398.0,14714.0,10390.0,0.8671,14351.0,2545.0,1285.0
24.0,Milwaukee,53201,55.0,32894.0,WI,90,,2.9,39900,2.4,Marquette University,private,Marquette University,1,3,0.8933,8093.0,0.6988,0.0389,0.1233,0.0678,0.0014,0.0005,0.0363,0.0303,0.0027,0.0163,52916.0,39900.0,39900.0,22584.0,11036.0,9923.0,0.5689,29120.0,1086.0,1262.0
25.0,Boulder,80309,12.0,41125.0,CO,90,3.7,3.5,35079,3.5,University of Colorado--Boulder,public,University of Colorado Boulder,1,7,0.7984,28565.0,0.6745,0.0166,0.1179,0.0564,0.0021,0.0007,0.0537,0.072,0.0062,0.0588,29215.0,12086.0,36220.0,19631.0,17025.0,11316.0,0.6951,20706.0,1625.0,1293.0
26.0,San Diego,92110,48.0,36861.0,CA,90,3.9,2.8,47708,3.5,University of San Diego,private,University of San Diego,1,8,0.4979,5677.0,0.5186,0.0363,0.1985,0.075,0.0026,0.0035,0.0588,0.0835,0.0231,0.0243,62710.0,47708.0,47708.0,29280.0,15507.0,12291.0,0.5362,34752.0,494.0,1302.0
25.0,Philadelphia,19104,54.0,42176.0,PA,94,3.7,2.8,52002,3.0,Drexel University,private,Drexel University,1,2,0.7904,15335.0,0.5221,0.0732,0.0639,0.1617,0.0012,0.0038,0.0361,0.1152,0.0227,0.1162,69462.0,52002.0,52002.0,27523.0,16047.0,11028.0,0.5519,37427.0,1577.0,1269.0
24.0,St. Louis,63103,51.0,28328.0,MO,94,3.9,2.9,42166,2.2,Saint Louis University,private,Saint Louis University,1,4,0.6443,7209.0,0.6937,0.0565,0.0569,0.1033,0.0019,0.0004,0.0284,0.0506,0.0082,0.0839,55055.0,42166.0,42166.0,20686.0,19514.0,10093.0,0.6411,27341.0,888.0,1319.0
23.0,New York,10033,46.0,34756.0,NY,94,3.5,2.3,42000,,Yeshiva University,private,Yeshiva University,1,2,0.6282,2703.0,0.9393,0.0,0.0022,0.0,0.0004,0.0,0.0007,0.0522,0.0052,0.0211,58845.0,42000.0,42000.0,17638.0,17238.0,12238.0,0.4971,36306.0,208.0,1272.0
26.0,Rochester,14623,70.0,31793.0,NY,97,,3.1,40068,2.9,Rochester Institute of Technology,private,Rochester Institute of Technology,1,2,0.5672,12858.0,0.6644,0.048,0.0741,0.089,0.0018,0.0002,0.0371,0.0653,0.0201,0.0329,52423.0,40068.0,40068.0,21737.0,19578.0,10342.0,0.6842,29895.0,1918.0,1315.0
26.0,Stony Brook,11794,13.0,34024.0,NY,97,3.8,,26297,2.8,Stony Brook University--SUNY,public,Stony Brook University,1,2,0.4219,17215.0,0.3346,0.0679,0.1213,0.2424,0.0016,0.0008,0.0256,0.1434,0.0626,0.0651,23915.0,9257.0,26767.0,10752.0,22730.0,11275.0,0.6065,13770.0,1407.0,1322.0
23.0,Syracuse,13210,,,NY,97,3.7,,18090,2.0,SUNY College of Environmental Science and Forestry,public,SUNY College of Environmental Science and Forestry,1,2,0.5215,1790.0,0.7955,0.0156,0.0609,0.0391,0.0022,0.0006,0.0235,0.019,0.0436,0.0296,25297.0,8543.0,18193.0,5136.0,18959.0,8190.0,0.716,17923.0,164.0,1235.0
24.0,Buffalo,14214,28.0,37040.0,NY,97,3.6,3.0,26270,2.8,University at Buffalo--SUNY,public,University at Buffalo,1,2,0.5734,20735.0,0.4757,0.0753,0.0735,0.1451,0.003,0.001,0.0239,0.158,0.0445,0.0684,24198.0,9828.0,27068.0,10081.0,17902.0,10140.0,0.6375,17469.0,2432.0,1197.0
23.0,Norman,73019,13.0,35144.0,OK,97,3.6,3.1,24443,2.6,University of Oklahoma,public,University of Oklahoma-Norman Campus,4,6,0.74,21536.0,0.6088,0.0469,0.096,0.0633,0.0389,0.001,0.0837,0.0423,0.019,0.1246,27205.0,11538.0,26919.0,12648.0,12733.0,9475.0,0.8386,19254.0,1202.0,1254.0
25.0,Burlington,5405,48.0,36399.0,VT,97,3.6,2.6,41356,2.3,University of Vermont,public,University of Vermont,1,1,0.672,10513.0,0.8087,0.0127,0.039,0.0283,0.0008,0.0002,0.0302,0.0555,0.0246,0.03,31606.0,17740.0,41356.0,24788.0,16555.0,9791.0,0.7961,18877.0,369.0,1280.0
24.0,Auburn,36849,16.0,39912.0,AL,103,3.9,3.1,29640,3.0,Auburn University,public,Auburn University,1,5,0.8393,23391.0,0.818,0.0625,0.0338,0.024,0.0044,0.0004,0.0182,0.0346,0.0041,0.0838,30458.0,10968.0,29640.0,15479.0,12067.0,10137.0,0.855,23416.0,1057.0,1282.0
26.0,Chicago,60616,62.0,29116.0,IL,103,4.0,2.3,45864,2.8,Illinois Institute of Technology,private,Illinois Institute of Technology,1,3,0.5403,2763.0,0.3435,0.0608,0.165,0.1444,0.0011,0.0004,0.0304,0.2179,0.0366,0.0492,60489.0,45864.0,45864.0,21204.0,11376.0,12391.0,0.5585,22098.0,294.0,1323.0
24.0,Chicago,60660,64.0,38093.0,IL,103,3.7,3.0,42828,,Loyola University Chicago,private,Loyola University Chicago,1,3,0.7059,11193.0,0.5532,0.055,0.1564,0.1196,0.0013,0.003,0.0425,0.054,0.0149,0.0577,56178.0,43078.0,43078.0,24812.0,12176.0,10443.0,0.5387,33036.0,1784.0,1258.0
22.0,Durham,3824,56.0,34826.0,NH,103,3.5,2.6,32637,2.3,University of New Hampshire,public,University of New Hampshire-Main Campus,3,1,0.7651,12847.0,0.8267,0.0114,0.0346,0.0254,0.0016,0.0002,0.0186,0.0374,0.0441,0.0169,31835.0,18067.0,32637.0,13700.0,11696.0,11673.0,0.6559,24529.0,852.0,1177.0
22.0,Eugene,97403,7.0,42682.0,OR,103,3.6,3.1,34611,,University of Oregon,public,University of Oregon,1,8,0.8281,19163.0,0.5824,0.0223,0.1199,0.057,0.0056,0.0035,0.0763,0.118,0.0148,0.0718,24570.0,11931.0,34611.0,16389.0,14187.0,9889.0,0.8005,15693.0,1150.0,1193.0
25.0,Columbia,29208,8.0,41810.0,SC,103,,3.2,32362,2.4,University of South Carolina,public,University of South Carolina-Columbia,2,5,0.7231,25550.0,0.7634,0.0892,0.0466,0.0296,0.0017,0.0011,0.0369,0.0212,0.0104,0.038,26079.0,11862.0,31962.0,13184.0,12407.0,10697.0,0.728,19519.0,2277.0,1282.0
24.0,Knoxville,37996,33.0,39170.0,TN,103,3.9,3.2,31160,2.9,University of Tennessee,public,The University of Tennessee-Knoxville,1,5,0.7697,22151.0,0.7838,0.0655,0.0395,0.0365,0.0021,0.0009,0.0316,0.0149,0.0252,0.0561,30226.0,12970.0,31390.0,11570.0,13853.0,10893.0,0.8751,19335.0,2299.0,1280.0
22.0,Washington,20059,50.0,33124.0,DC,110,3.5,2.7,25697,2.2,Howard University,private,Howard University,1,2,0.4142,6276.0,0.0132,0.8963,0.0072,0.0092,0.0005,0.003,0.0,0.0706,0.0,0.0343,41488.0,25697.0,25697.0,17474.0,23722.0,7161.0,0.7503,23424.0,607.0,1201.0
23.0,Tuscaloosa,35487,27.0,26861.0,AL,110,3.7,3.2,28100,2.5,University of Alabama,public,The University of Alabama,1,5,0.533,32387.0,0.7847,0.1005,0.0471,0.0116,0.0032,0.001,0.0317,0.0161,0.004,0.0792,28836.0,10780.0,28100.0,13574.0,10894.0,10016.0,0.7404,21973.0,1226.0,1278.0
23.0,San Francisco,94117,46.0,42433.0,CA,110,3.4,2.8,46250,,University of San Francisco,private,University of San Francisco,1,8,0.6563,6796.0,0.2566,0.039,0.216,0.2247,0.0026,0.0068,0.0677,0.1669,0.0197,0.0337,63117.0,46250.0,46250.0,27756.0,16898.0,13405.0,0.4125,32210.0,964.0,1203.0
23.0,Stockton,95211,67.0,37188.0,CA,110,3.5,2.2,46346,2.9,University of the Pacific,private,University of the Pacific,1,8,0.6487,3542.0,0.2329,0.0333,0.1976,0.3619,0.004,0.0045,0.072,0.0601,0.0336,0.0268,58718.0,46346.0,46346.0,33201.0,21147.0,10575.0,0.5385,29171.0,449.0,1220.0
21.0,Salt Lake City,84112,11.0,35873.0,UT,110,3.6,3.2,26408,2.9,University of Utah,public,University of Utah,1,7,0.6615,23402.0,0.6857,0.0142,0.1279,0.0581,0.004,0.0048,0.0525,0.0455,0.0074,0.2377,19406.0,8884.0,28127.0,11482.0,15420.0,9781.0,0.9057,13728.0,1017.0,1234.0
22.0,Tempe,85287,31.0,37446.0,AZ,115,3.5,3.6,27372,3.3,Arizona State University--Tempe,public,Arizona State University Campus Immersion,10,6,0.8415,42181.0,0.5,0.0377,0.2067,0.0745,0.011,0.0021,0.0412,0.1218,0.0051,0.0841,24353.0,10792.0,27372.0,18995.0,12311.0,11348.0,0.789,11163.0,2827.0,1235.0
22.0,Ames,50011,34.0,27241.0,IA,115,3.6,3.0,22256,3.3,Iowa State University,public,Iowa State University,1,4,0.8934,29957.0,0.7432,0.0264,0.0535,0.0319,0.0019,0.0009,0.0229,0.0663,0.0532,0.0489,19878.0,8636.0,22472.0,10357.0,9702.0,10857.0,0.8369,14331.0,1992.0,1221.0
24.0,Philadelphia,19122,37.0,35109.0,PA,115,3.6,3.2,27266,2.2,Temple University,public,Temple University,1,2,0.5667,29007.0,0.5593,0.1261,0.0675,0.1164,0.0011,0.0008,0.0322,0.0654,0.0311,0.0862,31599.0,16658.0,28418.0,22122.0,13574.0,10798.0,0.5564,23366.0,2595.0,1050.0
23.0,Lawrence,66045,30.0,30962.0,KS,115,3.6,3.2,26592,2.7,University of Kansas,public,University of Kansas,1,4,0.9338,18903.0,0.7121,0.0426,0.0798,0.0477,0.0034,0.0006,0.0515,0.0566,0.0058,0.0982,24824.0,10824.0,26592.0,12206.0,18034.0,9976.0,0.8282,18814.0,1426.0,1230.0
24.0,St. Paul,55105,55.0,34299.0,MN,115,3.6,2.7,41133,3.1,University of St. Thomas,private,University of St Thomas,1,4,0.8416,6085.0,0.8007,0.0307,0.0506,0.0396,0.0015,0.0002,0.0337,0.0265,0.0166,0.0242,52586.0,41133.0,41133.0,20037.0,14324.0,10446.0,0.5267,30503.0,818.0,1267.0
23.0,Washington,20064,54.0,35518.0,DC,120,3.4,,44060,2.0,The Catholic University of America,private,The Catholic University of America,1,2,0.8258,3284.0,0.6526,0.0457,0.1331,0.0368,0.0015,0.0,0.0493,0.0554,0.0256,0.0292,59591.0,44060.0,44060.0,23131.0,19118.0,9645.0,0.5298,32731.0,460.0,1040.0
22.0,Chicago,60604,59.0,42438.0,IL,120,3.6,3.0,39010,,DePaul University,private,DePaul University,1,3,0.7174,14591.0,0.527,0.0811,0.1929,0.0947,0.0012,0.0015,0.0371,0.0333,0.0311,0.1186,52969.0,39010.0,39010.0,23156.0,12582.0,10699.0,0.4938,30559.0,1588.0,1030.0
24.0,Pittsburgh,15282,65.0,29185.0,PA,120,3.7,2.6,36394,,Duquesne University,private,Duquesne University,1,2,0.717,5930.0,0.8034,0.0533,0.0351,0.0314,0.0007,0.0012,0.0288,0.0352,0.011,0.0179,50073.0,36394.0,36394.0,22070.0,11810.0,9159.0,0.5188,28961.0,1175.0,1221.0
23.0,Columbia,65211,33.0,27962.0,MO,120,,3.0,26506,2.5,University of Missouri,public,University of Missouri-Columbia,1,4,0.7809,23455.0,0.7843,0.075,0.0395,0.0254,0.0021,0.0004,0.0326,0.0341,0.0066,0.0564,25656.0,9787.0,26506.0,11279.0,12083.0,9334.0,0.7179,18602.0,1583.0,1249.0
24.0,Potsdam,13699,79.0,33669.0,NY,124,3.6,2.5,47950,2.6,Clarkson University,private,Clarkson University,1,2,0.6571,2991.0,0.8121,0.0231,0.0485,0.0351,0.0023,0.0,0.0318,0.0254,0.0217,0.004,63747.0,47950.0,47950.0,17637.0,14483.0,10756.0,0.7285,30563.0,599.0,1247.0
22.0,Fort Collins,80523,16.0,39497.0,CO,124,3.6,2.9,29140,2.8,Colorado State University,public,Colorado State University-Fort Collins,1,7,0.8262,23804.0,0.7215,0.0234,0.1329,0.0258,0.005,0.0018,0.0379,0.0372,0.0145,0.1009,25932.0,11395.0,28903.0,14759.0,11951.0,9688.0,0.6665,18700.0,1840.0,1212.0
25.0,Houghton,49931,28.0,38217.0,MI,124,3.7,2.1,32318,2.8,Michigan Technological University,public,Michigan Technological University,1,3,0.7449,5829.0,0.8803,0.0093,0.0202,0.0148,0.0029,0.0007,0.0278,0.0242,0.0199,0.058,27537.0,15074.0,32318.0,14382.0,11585.0,10187.0,0.9053,15481.0,667.0,1277.0
23.0,South Orange,7079,,,NJ,124,3.6,2.8,40588,,Seton Hall University,private,Seton Hall University,1,2,0.7316,5717.0,0.4903,0.0857,0.1789,0.1048,0.0012,0.0014,0.0404,0.0362,0.061,0.0297,53433.0,40588.0,40588.0,23079.0,10812.0,9493.0,0.9558,27563.0,815.0,1222.0
21.0,Tucson,85721,29.0,35051.0,AZ,124,3.5,3.7,32449,3.1,University of Arizona,public,University of Arizona,2,6,0.8358,33428.0,0.5034,0.0401,0.2671,0.054,0.0128,0.0028,0.0459,0.067,0.0069,0.125,26157.0,11877.0,35307.0,15765.0,12211.0,10929.0,0.7484,14821.0,1958.0,970.0
21.0,Riverside,92521,15.0,41753.0,CA,124,3.7,3.0,41931,2.6,University of California--Riverside,public,University of California-Riverside,1,8,0.565,20044.0,0.1195,0.0408,0.4045,0.3422,0.0016,0.0041,0.04,0.0367,0.0106,0.0169,32308.0,13917.0,41931.0,12938.0,14536.0,12816.0,0.8654,12344.0,3915.0,1215.0
24.0,Dayton,45469,46.0,34204.0,OH,124,3.7,2.5,41750,2.2,University of Dayton,private,University of Dayton,1,3,0.7168,8422.0,0.7926,0.0278,0.0519,0.0138,0.0009,0.0007,0.0338,0.0704,0.0081,0.0424,56370.0,41750.0,41750.0,19321.0,12533.0,8687.0,0.6174,32721.0,1028.0,1254.0
22.0,Lincoln,68588,21.0,28968.0,NE,124,3.5,3.2,23256,2.6,University of Nebraska--Lincoln,public,University of Nebraska-Lincoln,2,4,0.6438,20954.0,0.7475,0.0278,0.0617,0.0273,0.0025,0.0009,0.0313,0.0889,0.0122,0.0678,23278.0,8978.0,24098.0,9764.0,12043.0,10762.0,0.9388,17784.0,2144.0,1235.0
24.0,Hempstead,11549,61.0,40205.0,NY,132,3.6,2.7,43960,3.0,Hofstra University,private,Hofstra University,1,2,0.6395,6783.0,0.5598,0.0851,0.1297,0.1045,0.0044,0.005,0.0267,0.0587,0.0261,0.0463,56910.0,43960.0,43960.0,26964.0,17048.0,13227.0,0.4338,32240.0,982.0,1237.0
23.0,Baton Rouge,70803,14.0,40711.0,LA,133,3.4,2.8,28051,2.5,Louisiana State University--Baton Rouge,public,Louisiana State University and Agricultural & Mechanical College,1,5,0.7392,23331.0,0.721,0.1187,0.0637,0.0431,0.0037,0.0013,0.0201,0.0198,0.0086,0.0592,27612.0,11374.0,28051.0,11816.0,11087.0,9922.0,0.9134,18181.0,2735.0,1226.0
25.0,Macon,31207,67.0,26615.0,GA,133,3.8,2.2,36000,3.0,Mercer University,private,Mercer University,1,5,0.7326,4708.0,0.4798,0.2927,0.0537,0.0697,0.0019,0.0013,0.0331,0.024,0.0438,0.1257,49848.0,36000.0,36000.0,17797.0,12442.0,8441.0,0.9569,20812.0,563.0,1285.0
23.0,New York,10011,41.0,50853.0,NY,133,3.3,,47330,,The New School,private,The New School,1,2,0.6151,6982.0,0.3251,0.057,0.1195,0.0961,0.001,0.0013,0.0394,0.3201,0.0405,0.1144,64523.0,47276.0,47276.0,30028.0,15450.0,11317.0,0.1746,40819.0,713.0,1223.0
,Newark,7102,26.0,38949.0,NJ,133,,2.9,29480,,Rutgers University--Newark,public,Rutgers University-Newark,3,2,0.6424,8122.0,0.2257,0.2001,0.289,0.1795,0.0007,0.0027,0.026,0.0543,0.022,0.1189,24719.0,14085.0,30026.0,17980.0,11571.0,13595.0,0.5645,13205.0,966.0,1086.0
23.0,Fayetteville,72701,16.0,33514.0,AR,133,3.7,3.2,24308,2.5,University of Arkansas,public,University of Arkansas,1,5,0.6596,22763.0,0.7619,0.0446,0.0877,0.0249,0.0092,0.0007,0.0361,0.0294,0.0054,0.1039,22122.0,9062.0,24308.0,9281.0,10173.0,9671.0,0.869,16069.0,1346.0,1239.0
23.0,Cincinnati,45221,28.0,35124.0,OH,133,3.6,2.9,26334,2.6,University of Cincinnati,public,University of Cincinnati-Main Campus,3,3,0.7649,25523.0,0.7415,0.0735,0.0319,0.0381,0.0014,0.0007,0.0366,0.0446,0.0317,0.1186,27499.0,11000.0,27334.0,13004.0,11854.0,9708.0,0.5684,23498.0,2585.0,1230.0
22.0,Lexington,40506,,,KY,133,3.7,3.0,28046,2.5,University of Kentucky,public,University of Kentucky,1,5,0.9577,22078.0,0.7552,0.078,0.0481,0.0264,0.0021,0.0011,0.0372,0.0249,0.0269,0.0664,27591.0,11942.0,28046.0,12543.0,12475.0,10644.0,0.8479,18903.0,1870.0,1213.0
24.0,Fairfax,22030,39.0,38588.0,VA,140,3.7,3.0,34370,2.4,George Mason University,public,George Mason University,1,5,0.8132,24395.0,0.4147,0.1118,0.1436,0.2019,0.0014,0.003,0.0453,0.0517,0.0266,0.1792,25196.0,11924.0,34370.0,11746.0,12247.0,11045.0,0.5167,19779.0,1511.0,1210.0
23.0,Newark,7102,35.0,18674.0,NJ,140,3.5,2.4,31034,2.6,New Jersey Institute of Technology,public,New Jersey Institute of Technology,1,2,0.6139,7489.0,0.3466,0.0801,0.2131,0.2239,0.0007,0.0004,0.0328,0.047,0.0553,0.1522,29851.0,16898.0,31918.0,14541.0,13790.0,12688.0,0.5662,20011.0,597.0,1282.0
23.0,San Diego,92182,32.0,31354.0,CA,140,3.7,2.9,19340,2.5,San Diego State University,public,San Diego State University,2,8,0.3542,29758.0,0.3374,0.0401,0.3111,0.1344,0.0036,0.0023,0.0671,0.0639,0.0402,0.1,21051.0,7460.0,19340.0,6887.0,6889.0,10605.0,0.5205,14030.0,1837.0,1206.0
24.0,Tampa,33620,25.0,23103.0,FL,140,3.9,2.5,17324,2.4,University of South Florida,public,University of South Florida,3,5,0.4536,30918.0,0.4839,0.1042,0.207,0.069,0.0018,0.0018,0.0396,0.0646,0.0281,0.2127,19868.0,6410.0,17324.0,7059.0,9671.0,10030.0,0.7691,11700.0,2107.0,1246.0
20.0,Pullman,99164,37.0,30666.0,WA,140,3.4,2.8,25817,2.8,Washington State University,public,Washington State University,4,8,0.7306,24797.0,0.6107,0.0324,0.1482,0.0601,0.0066,0.0042,0.0688,0.046,0.023,0.1088,25433.0,11391.0,25817.0,10066.0,16556.0,9792.0,0.7866,16314.0,2029.0,1127.0
22.0,Manhattan,66506,22.0,34621.0,KS,145,3.5,2.8,24775,2.7,Kansas State University,public,Kansas State University,1,4,0.9412,18171.0,0.783,0.0335,0.0706,0.0147,0.005,0.0009,0.0366,0.0464,0.0093,0.0836,23262.0,10135.0,25492.0,11305.0,12121.0,9055.0,0.8891,17926.0,1518.0,950.0
22.0,Corvallis,97331,34.0,36636.0,OR,145,3.7,2.7,29457,2.8,Oregon State University,public,Oregon State University,2,8,0.7884,24921.0,0.6421,0.013,0.0971,0.0765,0.0053,0.003,0.0704,0.0711,0.0214,0.2619,26121.0,10797.0,29457.0,11691.0,11155.0,9735.0,0.7667,20493.0,1513.0,1197.0
22.0,Rochester,14618,81.0,28750.0,NY,145,3.6,2.1,33120,,St. John Fisher College,private,Saint John Fisher College,1,2,0.6453,2724.0,0.8399,0.0374,0.0463,0.0341,0.0026,0.0004,0.0198,0.0022,0.0173,0.0404,45299.0,33120.0,33120.0,20328.0,11411.0,9216.0,1.0,27023.0,481.0,1158.0
21.0,Chicago,60607,31.0,39033.0,IL,145,3.3,3.0,27672,2.8,University of Illinois--Chicago,public,University of Illinois Chicago,1,3,0.7708,19106.0,0.3008,0.0798,0.3305,0.2175,0.0006,0.0008,0.0299,0.0346,0.0054,0.0754,25407.0,13704.0,26560.0,12918.0,30165.0,11177.0,0.711,14000.0,2342.0,1150.0
22.0,University,38677,24.0,27943.0,MS,145,3.6,2.8,23554,2.1,University of Mississippi,public,University of Mississippi,2,5,0.8391,18537.0,0.7784,0.1275,0.0337,0.0174,0.0029,0.001,0.0224,0.0164,0.0004,0.0634,23606.0,8300.0,23564.0,10700.0,13357.0,8985.0,0.8219,13929.0,996.0,1225.0
25.0,Richardson,75080,28.0,37028.0,TX,145,,3.1,33654,2.6,University of Texas--Dallas,public,The University of Texas at Dallas,1,6,0.7603,18375.0,0.3423,0.0581,0.1831,0.3101,0.0019,0.002,0.0426,0.0395,0.0204,0.1687,24154.0,11528.0,29656.0,11493.0,10283.0,12831.0,0.7299,14763.0,1365.0,1340.0
22.0,Garden City,11530,,,NY,151,3.6,2.1,37170,,Adelphi University,private,Adelphi University,1,2,0.7312,5162.0,0.5149,0.0901,0.168,0.1083,0.0015,0.0002,0.0219,0.0308,0.0643,0.0589,48521.0,37170.0,37170.0,23797.0,13369.0,12223.0,0.3231,28322.0,845.0,1164.0
24.0,Melbourne,32901,,,FL,151,3.6,,41240,2.1,Florida Institute of Technology,private,Florida Institute of Technology,1,5,0.6346,3395.0,0.4533,0.0607,0.0869,0.0274,0.0021,0.0041,0.0227,0.3184,0.0244,0.0392,57119.0,41240.0,41240.0,22647.0,12134.0,9446.0,0.9446,31592.0,389.0,1243.0
21.0,Athens,45701,,,OH,151,3.5,2.7,21360,2.3,Ohio University,public,Ohio University-Main Campus,6,3,0.7393,22936.0,0.8322,0.0562,0.0296,0.0108,0.0022,0.0006,0.035,0.0177,0.0157,0.2322,27272.0,11896.0,21360.0,11250.0,11004.0,8978.0,0.7334,21892.0,2695.0,1183.0
21.0,Seattle,98119,,,WA,151,3.5,2.1,40893,2.9,Seattle Pacific University,private,Seattle Pacific University,1,8,0.9087,2900.0,0.5538,0.0397,0.1155,0.1162,0.0028,0.0093,0.0872,0.0541,0.0214,0.0403,54315.0,40893.0,40893.0,20395.0,11877.0,8644.0,0.5492,30299.0,474.0,1173.0
22.0,Albany,12222,,,NY,151,3.2,2.8,24358,,University at Albany--SUNY,public,SUNY at Albany,1,2,0.5401,13320.0,0.4501,0.1848,0.1712,0.0827,0.0019,0.0014,0.0314,0.0548,0.0219,0.0463,24742.0,9490.0,24370.0,7466.0,14648.0,9202.0,0.5668,18093.0,1828.0,1173.0
21.0,Stillwater,74078,,,OK,156,3.5,2.9,23776,2.6,Oklahoma State University,public,Oklahoma State University-Main Campus,1,6,0.7428,20743.0,0.6773,0.0459,0.0754,0.0179,0.0452,0.001,0.0997,0.0353,0.0023,0.125,22868.0,8738.0,23776.0,10258.0,9155.0,8930.0,0.8724,14824.0,1565.0,1206.0
24.0,Lowell,1854,,,MA,156,3.6,2.4,31865,2.3,University of Massachusetts--Lowell,public,University of Massachusetts-Lowell,1,1,0.6883,13284.0,0.6165,0.0586,0.1125,0.1039,0.0015,0.0005,0.0299,0.038,0.0387,0.216,27313.0,14800.0,31865.0,13295.0,11575.0,11628.0,0.561,19322.0,1068.0,1227.0
22.0,Kingston,2881,,,RI,156,3.5,2.6,28874,2.4,University of Rhode Island,public,University of Rhode Island,1,1,0.7006,14008.0,0.7266,0.0536,0.0978,0.0317,0.0019,0.0006,0.0271,0.0144,0.0462,0.1011,27834.0,13792.0,30042.0,13442.0,8692.0,10450.0,0.6722,19431.0,1191.0,1152.0
21.0,La Mirada,90639,,,CA,159,3.5,,38448,,Biola University,private,Biola University,1,8,0.7198,4039.0,0.4617,0.0235,0.2144,0.1788,0.0012,0.004,0.0587,0.027,0.0307,0.0396,51154.0,38448.0,38448.0,22311.0,11588.0,9299.0,1.0,31492.0,592.0,1186.0
21.0,Normal,61790,,,IL,159,3.4,2.4,25168,,Illinois State University,public,Illinois State University,1,3,0.8913,18264.0,0.7502,0.0861,0.104,0.0211,0.0016,0.0011,0.0286,0.0046,0.0027,0.0616,28197.0,14061.0,25168.0,11552.0,15761.0,7979.0,0.7675,21345.0,2496.0,1165.0
21.0,Birmingham,35294,,,AL,159,3.7,2.8,23790,2.2,University of Alabama--Birmingham,public,University of Alabama at Birmingham,1,5,0.9181,12866.0,0.5784,0.2585,0.0333,0.0588,0.0033,0.0002,0.0408,0.0195,0.0072,0.2515,24129.0,8328.0,19032.0,11612.0,17235.0,10640.0,0.8993,17535.0,1120.0,1195.0
21.0,Honolulu,96822,,,HI,159,3.5,2.8,33764,2.2,University of Hawaii--Manoa,public,University of Hawaii at Manoa,1,8,0.8315,12583.0,0.1702,0.0148,0.1144,0.3927,0.0016,0.0288,0.2476,0.0285,0.0015,0.1616,23007.0,11754.0,33786.0,11326.0,22317.0,11786.0,0.77,15296.0,667.0,1154.0
20.0,La Verne,91750,,,CA,159,3.5,,41450,,University of La Verne,private,University of La Verne,1,8,0.4754,5120.0,0.208,0.0588,0.5215,0.0506,0.0035,0.0057,0.0377,0.0326,0.0816,0.2697,52724.0,41450.0,41450.0,19899.0,9077.0,9079.0,0.3772,25429.0,435.0,1106.0
24.0,Baltimore,21250,,,MD,159,,,25654,2.4,University of Maryland--Baltimore County,public,University of Maryland-Baltimore County,1,2,0.6021,11130.0,0.4109,0.1818,0.0739,0.2156,0.0021,0.0013,0.0433,0.0389,0.0323,0.144,24503.0,11518.0,25654.0,9968.0,11426.0,9982.0,0.6855,20539.0,759.0,1255.0
18.0,Immaculata,19345,,,PA,165,3.3,,27350,,Immaculata University,private,Immaculata University,1,2,0.8294,1383.0,0.7115,0.1562,0.0665,0.0239,0.0007,0.0007,0.0202,0.0101,0.0101,0.3608,53064.0,27350.0,27350.0,15681.0,7506.0,4907.0,1.0,31971.0,190.0,1053.0
22.0,St Louis,63141,,,MO,165,3.6,,28470,,Maryville University of St. Louis,private,Maryville University of Saint Louis,1,4,0.9188,3112.0,0.7224,0.0839,0.0386,0.0283,0.0029,0.0013,0.0283,0.0437,0.0508,0.2368,43329.0,28470.0,28470.0,13141.0,6296.0,8126.0,0.2204,23891.0,349.0,1176.0
25.0,Rolla,65409,,,MO,165,3.6,2.1,27701,2.9,Missouri University of Science & Technology,public,Missouri University of Science and Technology,1,4,0.8351,6872.0,0.8108,0.031,0.037,0.0357,0.0031,0.0001,0.029,0.0335,0.0199,0.1103,22045.0,9246.0,25918.0,11853.0,14144.0,10365.0,0.7698,14473.0,735.0,1323.0
22.0,Queens,11439,,,NY,165,3.5,2.5,40790,,St. John's University,private,St. John's University-New York,1,2,0.6773,11756.0,0.3983,0.1722,0.0752,0.1604,0.0061,0.0038,0.0537,0.0517,0.0786,0.0216,51401.0,40520.0,40520.0,20692.0,11030.0,12336.0,0.4483,25747.0,2292.0,1171.0
18.0,Merced,95343,,,CA,165,3.5,,41612,2.1,University of California--Merced,public,University of California-Merced,1,8,0.6979,7375.0,0.1024,0.0461,0.5325,0.1982,0.0016,0.0068,0.0325,0.074,0.0058,0.0106,34331.0,13598.0,41612.0,9245.0,9497.0,10591.0,0.898,13226.0,1625.0,1114.0
22.0,Louisville,40292,,,KY,165,3.5,2.8,26286,2.3,University of Louisville,public,University of Louisville,1,5,0.753,14550.0,0.7314,0.1128,0.0474,0.0382,0.0012,0.0004,0.0544,0.0129,0.0013,0.1777,25728.0,11264.0,26286.0,11940.0,16438.0,8791.0,0.6855,16721.0,1400.0,1211.0
21.0,Mississippi State,39762,,,MS,171,3.4,2.6,22358,2.4,Mississippi State University,public,Mississippi State University,1,5,0.624,17723.0,0.7209,0.1992,0.0275,0.0125,0.0047,0.0008,0.0177,0.0121,0.0045,0.0774,23483.0,8318.0,22358.0,7794.0,8159.0,8569.0,0.8638,16192.0,1394.0,1195.0
,Glassboro,8028,,,NJ,171,3.5,2.2,21378,3.3,Rowan University,public,Rowan University,1,2,0.6942,15089.0,0.6619,0.1021,0.1012,0.0452,0.0014,0.0011,0.0283,0.0075,0.0513,0.1001,28787.0,13422.0,21890.0,11610.0,13594.0,8812.0,0.4676,23692.0,1617.0,1164.0
24.0,Orlando,32816,,,FL,171,3.9,2.7,22467,2.6,University of Central Florida,public,University of Central Florida,1,5,0.499,56366.0,0.4929,0.1124,0.2645,0.061,0.0017,0.0021,0.0395,0.0183,0.0077,0.2959,20950.0,6368.0,22467.0,5720.0,7050.0,9881.0,0.9724,15286.0,3101.0,1249.0
21.0,Moscow,83844,,,ID,171,3.4,2.6,23812,2.2,University of Idaho,public,University of Idaho,1,7,0.7309,7685.0,0.7405,0.0122,0.1068,0.0138,0.0068,0.0029,0.0428,0.0501,0.0241,0.0704,20444.0,7488.0,23812.0,8772.0,11464.0,8963.0,0.8311,14457.0,848.0,1127.0
21.0,Richmond,23284,,,VA,171,3.6,2.7,32942,2.3,Virginia Commonwealth University,public,Virginia Commonwealth University,1,5,0.839,22393.0,0.4655,0.194,0.093,0.1325,0.0021,0.0014,0.0648,0.0335,0.0131,0.1132,29339.0,13624.0,33656.0,11950.0,14770.0,9138.0,0.6906,21655.0,2382.0,1168.0
21.0,Kent,44242,,,OH,176,3.4,2.6,18376,,Kent State University,public,Kent State University at Kent,8,3,0.8751,22403.0,0.7474,0.0878,0.0363,0.0161,0.0017,0.0005,0.0389,0.0453,0.0259,0.1552,24064.0,10012.0,18544.0,9987.0,8971.0,8972.0,0.5578,18432.0,2540.0,1142.0
21.0,Moon Township,15108,,,PA,176,3.5,2.1,29420,2.4,Robert Morris University,private,Robert Morris University,1,2,0.8332,4213.0,0.7318,0.0591,0.023,0.0104,0.0007,0.0012,0.0318,0.1192,0.0228,0.0888,43630.0,29420.0,29420.0,19210.0,8590.0,11599.0,1.0,25996.0,713.0,1127.0
22.0,Lubbock,79409,,,TX,176,3.5,2.8,23011,2.6,Texas Tech University,public,Texas Tech University,1,6,0.6918,30330.0,0.558,0.0605,0.2775,0.0247,0.0033,0.0011,0.0184,0.0519,0.0045,0.1005,22615.0,8860.0,18652.0,9263.0,7193.0,8928.0,0.8819,17134.0,2248.0,1176.0
23.0,Jackson,38305,,,TN,176,,,31580,2.7,Union University,private,Union University,1,5,0.5998,2099.0,0.7318,0.1872,0.021,0.0195,0.0091,0.0005,0.0,0.021,0.01,0.2382,49158.0,31510.0,31510.0,14565.0,11391.0,7378.0,0.5899,22839.0,203.0,1243.0
20.0,West Hartford,6117,,,CT,176,,2.4,38910,2.8,University of Hartford,private,University of Hartford,1,1,0.8089,4835.0,0.5495,0.1506,0.1295,0.0354,0.0025,0.0006,0.0372,0.0563,0.0385,0.078,52365.0,38910.0,38910.0,17473.0,14465.0,7841.0,0.4032,30440.0,1002.0,1140.0
21.0,Madison,53711,,,WI,181,3.4,,28500,,Edgewood College,private,Edgewood College,1,3,0.7111,1521.0,0.7876,0.0302,0.0625,0.0289,0.0026,0.002,0.0256,0.0329,0.0276,0.1105,40472.0,28500.0,28500.0,18798.0,9432.0,6049.0,0.5672,24228.0,204.0,1145.0
21.0,Cambridge,2138,,,MA,181,3.3,,26550,,Lesley University,private,Lesley University,1,1,0.7261,2074.0,0.6292,0.0776,0.1254,0.0463,0.001,0.0005,0.041,0.0289,0.0501,0.2126,43407.0,26675.0,26675.0,19054.0,10971.0,8453.0,0.2405,31401.0,308.0,1123.0
22.0,Nashville,37204,,,TN,181,3.6,,30932,2.5,Lipscomb University,private,Lipscomb University,1,5,0.6043,2973.0,0.7629,0.0683,0.0683,0.0309,0.0017,0.0007,0.0272,0.0289,0.0111,0.0844,43623.0,30932.0,30932.0,19107.0,11232.0,7619.0,0.4825,24279.0,362.0,1239.0
20.0,Boston,2108,,,MA,181,3.2,2.2,37270,2.0,Suffolk University,private,Suffolk University,1,1,0.8355,4952.0,0.4653,0.0551,0.1189,0.0765,0.0014,0.0006,0.0226,0.2229,0.0366,0.0384,51164.0,37270.0,37270.0,24023.0,10008.0,11747.0,0.5231,30126.0,796.0,1102.0
21.0,Orono,4469,,,ME,181,3.2,2.4,30282,2.2,University of Maine,public,University of Maine,1,1,0.9226,8836.0,0.8425,0.0207,0.0362,0.0151,0.0098,0.0,0.0323,0.0189,0.0246,0.0764,23262.0,10902.0,30282.0,10635.0,9922.0,9218.0,0.6446,17074.0,919.0,1157.0
21.0,Laramie,82071,,,WY,181,3.5,2.5,16827,2.2,University of Wyoming,public,University of Wyoming,1,7,0.9682,9623.0,0.7145,0.0109,0.0725,0.0113,0.005,0.0017,0.0394,0.0418,0.1029,0.1397,19615.0,5217.0,16827.0,5188.0,15889.0,9440.0,0.9754,13070.0,377.0,1195.0
21.0,Azusa,91702,,,CA,187,3.7,,36120,,Azusa Pacific University,private,Azusa Pacific University,2,8,0.6012,5560.0,0.395,0.0531,0.3232,0.0932,0.0022,0.0106,0.0786,0.0277,0.0165,0.1061,49911.0,37506.0,37506.0,18252.0,9028.0,8201.0,0.3264,27267.0,726.0,1131.0
20.0,Muncie,47306,,,IN,187,3.5,2.6,25938,,Ball State University,public,Ball State University,1,3,0.6208,16277.0,0.7946,0.0843,0.0492,0.0118,0.0002,0.001,0.033,0.0145,0.0114,0.0706,23468.0,9774.0,25942.0,8484.0,10886.0,7561.0,0.7978,15187.0,2507.0,1138.0
15.0,Montclair,7043,,,NJ,187,3.2,2.2,20566,,Montclair State University,public,Montclair State University,1,2,0.7066,16673.0,0.4146,0.1294,0.2787,0.0589,0.0008,0.0025,0.0296,0.0139,0.0716,0.1104,25517.0,12455.0,20567.0,9372.0,9764.0,9933.0,0.3533,18500.0,2212.0,1070.0
21.0,New York,10038,,,NY,187,3.3,2.6,44036,,Pace University,private,Pace University,1,2,0.7956,8456.0,0.5102,0.108,0.1302,0.0796,0.0024,0.0007,0.0412,0.1045,0.0233,0.0734,60221.0,43986.0,43986.0,21644.0,10757.0,12333.0,1.0,29588.0,1302.0,1144.0
21.0,Morgantown,26506,,,WV,187,3.5,2.6,23616,2.4,West Virginia University,public,West Virginia University,3,5,0.719,21705.0,0.7883,0.0448,0.0363,0.0149,0.0012,0.0008,0.0411,0.0702,0.0024,0.0457,20702.0,8376.0,23616.0,13260.0,10755.0,9761.0,0.767,11825.0,1470.0,1159.0
21.0,Berrien Springs,49104,,,MI,192,3.5,,28436,,Andrews University,private,Andrews University,1,3,0.5766,1439.0,0.2669,0.1925,0.1411,0.1459,0.0028,0.0035,0.0431,0.1779,0.0264,0.0806,38316.0,28436.0,28436.0,15226.0,12945.0,4805.0,0.9504,21460.0,173.0,1203.0
19.0,Indianapolis,46202,,,IN,192,3.5,,29806,2.5,Indiana University-Purdue University--Indianapolis,public,Indiana University-Purdue University-Indianapolis,1,3,0.7965,20870.0,0.6956,0.0939,0.0748,0.0434,0.001,0.0007,0.0436,0.0416,0.0055,0.1645,20352.0,9334.0,29806.0,11325.0,16407.0,8369.0,0.5671,12021.0,2615.0,1104.0
23.0,Houston,77204,,,TX,192,,2.9,27337,2.6,University of Houston,public,University of Houston,1,6,0.6111,35985.0,0.2367,0.0994,0.3478,0.2233,0.0011,0.0019,0.0334,0.0409,0.0156,0.2565,24678.0,9706.0,22066.0,10427.0,7877.0,11419.0,0.8517,16392.0,2348.0,1202.0
19.0,Albuquerque,87131,,,NM,192,3.4,2.7,22412,2.6,University of New Mexico,public,University of New Mexico-Main Campus,5,6,0.6704,18912.0,0.3249,0.0243,0.4856,0.0389,0.0567,0.0019,0.0351,0.0197,0.0128,0.212,18937.0,7448.0,22038.0,5545.0,12764.0,8954.0,0.7089,14315.0,1127.0,1103.0
21.0,Grand Forks,58202,,,ND,192,3.4,2.4,21462,,University of North Dakota,public,University of North Dakota,1,4,0.8348,10351.0,0.8136,0.0242,0.035,0.0167,0.0124,0.0008,0.0344,0.049,0.014,0.1788,19670.0,8447.0,20047.0,10757.0,17641.0,8396.0,0.928,15056.0,454.0,1165.0
21.0,Chester,19013,,,PA,192,3.5,2.0,44166,2.5,Widener University,private,Widener University,1,2,0.6543,3224.0,0.7087,0.1303,0.0481,0.0394,0.0016,0.0003,0.0316,0.0242,0.0158,0.0996,57523.0,44166.0,44166.0,19001.0,12193.0,8458.0,0.4253,30017.0,613.0,1104.0
18.0,Las Cruces,88003,,,NM,198,3.5,2.4,22701,2.3,New Mexico State University,public,New Mexico State University-Main Campus,5,6,0.6384,11173.0,0.2704,0.0278,0.5919,0.0116,0.0213,0.0014,0.0207,0.0447,0.0102,0.1353,17124.0,6461.0,21022.0,4583.0,10678.0,8503.0,0.753,8625.0,885.0,1043.0
21.0,Fargo,58108,,,ND,198,3.4,2.2,20571,2.0,North Dakota State University,public,University of North Dakota,1,4,0.8348,10351.0,0.8136,0.0242,0.035,0.0167,0.0124,0.0008,0.0344,0.049,0.014,0.1788,19670.0,8447.0,20047.0,10757.0,17641.0,8396.0,0.928,15056.0,454.0,1165.0
22.0,Ft. Lauderdale,33314,,,FL,198,,,29940,,Nova Southeastern University,private,Nova Southeastern University,1,5,0.5817,4417.0,0.343,0.1485,0.2735,0.0998,0.002,0.0014,0.0301,0.0632,0.0385,0.2866,45722.0,29880.0,29930.0,28175.0,16553.0,9799.0,0.3932,26606.0,473.0,1201.0
22.0,Charlotte,28223,,,NC,198,3.9,2.8,20268,2.6,University of North Carolina--Charlotte,public,University of North Carolina at Charlotte,1,5,0.6584,23622.0,0.5769,0.1636,0.0967,0.0656,0.0034,0.0012,0.045,0.0251,0.0225,0.1283,21882.0,6832.0,20266.0,8060.0,9534.0,9615.0,0.7122,16286.0,2087.0,1187.0
20.0,Bowling Green,43403,,,OH,202,3.4,2.5,18593,,Bowling Green State University,public,Bowling Green State University-Main Campus,2,3,0.732,13790.0,0.7824,0.0913,0.0419,0.0092,0.0015,0.0006,0.0333,0.0189,0.0209,0.0553,23772.0,11057.0,18593.0,9154.0,9390.0,8821.0,0.6988,19128.0,2257.0,1088.0
19.0,Fullerton,92831,,,CA,202,3.6,2.6,17460,2.8,California State University--Fullerton,public,California State University-Fullerton,1,8,0.4572,35045.0,0.191,0.0186,0.4334,0.2122,0.0011,0.0017,0.043,0.0619,0.037,0.1889,17529.0,6850.0,18730.0,5693.0,7101.0,9747.0,0.4799,8737.0,2716.0,1096.0
19.0,Dallas,75211,,,TX,202,3.7,,27480,,Dallas Baptist University,private,Dallas Baptist University,1,6,0.3942,3053.0,0.6063,0.1258,0.1654,0.0203,0.0085,0.0026,0.0,0.0711,0.0,0.2191,37754.0,27480.0,27480.0,17479.0,9816.0,8205.0,1.0,25334.0,289.0,1122.0
21.0,Boston,2125,,,MA,202,3.3,2.6,32985,,University of Massachusetts--Boston,public,University of Massachusetts-Boston,1,1,0.7515,12159.0,0.3371,0.1675,0.1568,0.1324,0.0018,0.0002,0.0307,0.1181,0.0553,0.2236,21777.0,13828.0,32985.0,13920.0,14654.0,10965.0,0.6155,12292.0,985.0,1107.0
21.0,Reno,89557,,,NV,202,3.6,2.3,21787,2.2,University of Nevada--Reno,public,University of Nevada-Reno,1,8,0.8803,17930.0,0.5759,0.033,0.2079,0.0789,0.0073,0.0057,0.0677,0.0095,0.0142,0.1331,21142.0,7599.0,21788.0,7137.0,14571.0,9979.0,0.9689,14505.0,1321.0,1165.0
20.0,Mount Pleasant,48859,,,MI,207,3.4,2.3,23670,2.6,Central Michigan University,public,Central Michigan University,1,3,0.6775,17489.0,0.7772,0.0883,0.0461,0.0113,0.0079,0.0006,0.0367,0.0194,0.0125,0.1153,23328.0,12510.0,23670.0,10425.0,8551.0,9030.0,0.6977,15531.0,2795.0,1125.0
20.0,Greenville,27858,,,NC,207,3.8,2.2,23420,2.5,East Carolina University,public,East Carolina University,1,5,0.7902,22598.0,0.6692,0.1598,0.0669,0.0264,0.0069,0.0012,0.0381,0.0054,0.026,0.1168,21102.0,7143.0,23420.0,7422.0,11707.0,8754.0,0.7702,15415.0,2479.0,1105.0
19.0,Tallahassee,32307,,,FL,207,3.5,,17725,2.3,Florida A&M University,public,Florida Agricultural and Mechanical University,1,5,0.4563,7552.0,0.033,0.8931,0.0267,0.004,0.0007,0.0,0.0342,0.0083,0.0,0.0927,22235.0,5785.0,17725.0,4537.0,8896.0,8077.0,0.9941,14279.0,865.0,1044.0
21.0,Bozeman,59717,,,MT,207,3.4,2.3,23042,2.2,Montana State University,public,Montana State University,1,7,0.8311,14383.0,0.8456,0.0047,0.0416,0.0096,0.0136,0.0011,0.0431,0.0276,0.0131,0.1448,19980.0,7079.0,24071.0,10272.0,7962.0,8705.0,0.6134,17754.0,913.0,1195.0
19.0,Fairbanks,99775,,,AK,207,3.3,2.2,23534,2.1,University of Alaska--Fairbanks,public,University of Alaska Fairbanks,1,8,0.767,4910.0,0.4945,0.0277,0.0727,0.0196,0.1403,0.0049,0.0786,0.0112,0.1505,0.4029,17168.0,6262.0,19183.0,7960.0,16643.0,9617.0,0.6036,9988.0,232.0,1094.0
21.0,Denver,80217,,,CO,207,3.4,2.9,31209,2.2,University of Colorado--Denver,public,University of Colorado Denver/Anschutz Medical Campus,1,7,0.6522,11531.0,0.4808,0.0526,0.2148,0.0985,0.0036,0.001,0.0556,0.0772,0.0159,0.2513,21105.0,9107.0,25259.0,14337.0,30280.0,10326.0,0.6724,14941.0,708.0,1179.0
20.0,North Dartmouth,2747,,,MA,207,3.2,2.6,28285,2.2,University of Massachusetts--Dartmouth,public,University of Massachusetts-Dartmouth,1,1,0.8427,6559.0,0.6105,0.1569,0.0979,0.0364,0.0018,0.0,0.0367,0.0213,0.0384,0.1229,26536.0,13571.0,28285.0,10143.0,12425.0,10844.0,0.6856,18899.0,1014.0,1097.0
20.0,Missoula,59812,,,MT,207,3.3,2.6,24943,,University of Montana,public,The University of Montana,2,7,0.9264,8958.0,0.787,0.0109,0.0471,0.0119,0.033,0.0023,0.045,0.0148,0.0478,0.1749,18490.0,7063.0,24943.0,8309.0,9899.0,7608.0,0.7253,15006.0,687.0,1165.0
19.0,Kalamazoo,49008,,,MI,207,3.3,2.5,14699,,Western Michigan University,public,Western Michigan University,1,3,0.8232,17704.0,0.7062,0.123,0.0612,0.0182,0.0043,0.001,0.0374,0.0418,0.0069,0.1519,24357.0,11943.0,14699.0,12351.0,11914.0,9751.0,0.6262,17259.0,1850.0,1103.0
23.0,Miami,33199,,,FL,216,3.9,2.6,18956,2.1,Florida International University,public,Florida International University,1,5,0.5407,41834.0,0.0883,0.1224,0.6696,0.0241,0.0007,0.0008,0.0271,0.0627,0.0043,0.3735,19055.0,6556.0,18954.0,6406.0,7565.0,10225.0,0.9829,12503.0,3231.0,1172.0
21.0,Ruston,71272,,,LA,216,3.7,2.3,18438,2.2,Louisiana Tech University,public,Louisiana Tech University,1,5,0.6484,8067.0,0.7077,0.1294,0.0379,0.013,0.004,0.0006,0.0289,0.0193,0.0591,0.0604,19225.0,9645.0,18558.0,7570.0,5576.0,7277.0,0.8134,10774.0,1028.0,1195.0
20.0,Brookings,57007,,,SD,216,3.4,,11403,,South Dakota State University,public,South Dakota State University,1,4,0.9137,9704.0,0.87,0.0199,0.0237,0.0092,0.0089,0.0004,0.0224,0.0434,0.0023,0.1335,22410.0,8441.0,11689.0,8479.0,8731.0,8135.0,0.8075,19415.0,801.0,1144.0
19.0,Carbondale,62901,,,IL,216,3.1,2.5,13936,2.0,Southern Illinois University--Carbondale,public,Southern Illinois University-Carbondale,1,3,0.7601,10896.0,0.6509,0.1626,0.0887,0.0172,0.0028,0.001,0.0363,0.0394,0.0011,0.1362,27119.0,13932.0,28107.0,9414.0,17879.0,7669.0,0.8214,17175.0,1211.0,1143.0
25.0,Huntsville,35899,,,AL,216,3.8,2.5,21480,2.4,University of Alabama--Huntsville,public,University of Alabama in Huntsville,1,5,0.8123,6917.0,0.7415,0.1073,0.0463,0.0402,0.011,0.001,0.0259,0.024,0.0029,0.1496,22108.0,10280.0,21480.0,8727.0,9748.0,9391.0,0.6457,19986.0,485.0,1322.0
21.0,Kansas City,64110,,,MO,216,3.4,2.6,25999,,University of Missouri--Kansas City,public,University of Missouri-Kansas City,1,4,0.6415,7854.0,0.5656,0.1367,0.0975,0.0802,0.0022,0.0013,0.0371,0.0512,0.0283,0.1513,21120.0,8011.0,19793.0,11706.0,13714.0,8855.0,0.6272,14897.0,721.0,1197.0
20.0,Logan,84322,,,UT,216,3.5,2.5,20726,2.4,Utah State University,public,Utah State University,1,7,0.8908,21473.0,0.8195,0.0086,0.0594,0.0107,0.0189,0.0036,0.0227,0.0105,0.0462,0.2064,17671.0,7870.0,21520.0,6286.0,9489.0,9058.0,0.9583,13279.0,1333.0,1177.0
20.0,Ashland,44805,,,OH,223,3.4,,20700,,Ashland University,private,Ashland University,1,3,0.7351,3660.0,0.7716,0.1331,0.0224,0.0085,0.0049,0.0019,0.0183,0.018,0.0213,0.118,32500.0,20700.0,20700.0,14350.0,8091.0,6933.0,0.372,20221.0,539.0,1121.0
20.0,Lisle,60532,,,IL,223,3.4,,33900,,Benedictine University,private,Benedictine University,1,3,0.6217,2864.0,0.4392,0.0821,0.1697,0.1512,0.0056,0.0031,0.0,0.0077,0.1414,0.1393,42641.0,33900.0,33900.0,15350.0,6919.0,8210.0,0.2576,23827.0,448.0,1093.0
16.0,Fresno,93740,,,CA,223,3.5,2.3,17929,2.7,California State University--Fresno,public,California State University-Fresno,1,8,0.5941,21877.0,0.1814,0.029,0.5168,0.1364,0.0038,0.0018,0.0282,0.0602,0.0423,0.1127,16205.0,6585.0,18465.0,3860.0,7031.0,9208.0,0.5268,5872.0,2349.0,1004.0
18.0,Boiling Springs,28017,,,NC,223,3.7,,30740,,Gardner-Webb University,private,Gardner-Webb University,1,5,0.527,2210.0,0.6729,0.1407,0.038,0.0131,0.0054,0.0014,0.0136,0.0009,0.114,0.1941,42768.0,30700.0,30700.0,12981.0,8982.0,6884.0,0.9749,21154.0,332.0,1102.0
20.0,Atlanta,30302,,,GA,223,3.4,3.1,29432,,Georgia State University,public,Georgia State University,2,5,0.6985,25031.0,0.2343,0.4204,0.1086,0.1363,0.0012,0.0006,0.0623,0.0242,0.0121,0.2117,24857.0,9112.0,23971.0,7672.0,7083.0,8775.0,0.7401,15506.0,2719.0,1128.0
19.0,Winchester,22601,,,VA,223,3.4,2.0,31920,,Shenandoah University,private,Shenandoah University,1,5,0.8325,2055.0,0.5723,0.11,0.0652,0.0282,0.0073,0.0024,0.0219,0.0277,0.165,0.0311,45388.0,31920.0,31920.0,17830.0,10110.0,7815.0,0.559,29280.0,378.0,1115.0
19.0,Vermillion,57069,,,SD,223,3.0,2.4,11688,,University of South Dakota,public,University of South Dakota,1,4,0.8691,6171.0,0.8378,0.031,0.0387,0.0141,0.0175,0.0006,0.0344,0.0214,0.0045,0.2092,21239.0,8772.0,12019.0,8302.0,10182.0,7763.0,0.7184,17359.0,528.0,1125.0
20.0,Detroit,48202,,,MI,223,3.4,2.4,28590,2.2,Wayne State University,public,Wayne State University,1,3,0.6741,16768.0,0.5858,0.168,0.0516,0.0951,0.0023,0.0008,0.0383,0.0233,0.0348,0.2637,22771.0,12729.0,27203.0,11150.0,12570.0,10403.0,0.5716,12970.0,1528.0,1134.0
16.0,Springfield,1109,,,MA,-1,,,33140,,American International College,private,American International College,1,1,0.7183,1336.0,0.375,0.2455,0.1969,0.0127,0.0052,0.0045,0.0277,0.0307,0.1018,0.0614,47630.0,34470.0,34470.0,14553.0,6536.0,6262.0,0.1738,22429.0,292.0,997.0
,Augusta,30912,,,GA,-1,,,23606,,Augusta University,public,Augusta University,1,5,0.7459,4978.0,0.5215,0.2491,0.0703,0.0693,0.0024,0.002,0.0562,0.0123,0.0169,0.1593,19970.0,8604.0,23606.0,11421.0,21986.0,8271.0,0.682,16771.0,466.0,1006.0
18.0,Miami Shores,33161,,,FL,-1,,2.0,29700,,Barry University,private,Barry University,2,5,0.8507,3459.0,0.1943,0.3426,0.34,0.011,0.0046,0.002,0.0124,0.0809,0.0121,0.1434,43787.0,29850.0,29850.0,15322.0,10959.0,7911.0,0.4476,20254.0,394.0,970.0
20.0,Boise,83725,,,ID,-1,3.4,2.5,22642,2.2,Boise State University,public,Boise State University,1,7,0.8399,16265.0,0.7412,0.017,0.1292,0.0215,0.0037,0.0048,0.0461,0.0229,0.0135,0.2349,18284.0,7326.0,22642.0,8148.0,7859.0,7763.0,0.5122,13796.0,942.0,1093.0
18.0,Milwaukee,53217,,,WI,-1,3.1,,28844,,Cardinal Stritch University,private,Cardinal Stritch University,1,3,0.7835,1284.0,0.4252,0.1963,0.1729,0.028,0.007,0.0016,0.0218,0.134,0.0132,0.3037,38738.0,28844.0,28844.0,13774.0,5751.0,6018.0,0.3321,17199.0,108.0,1044.0
18.0,Atlanta,30314,,,GA,-1,3.2,,23082,,Clark Atlanta University,private,Clark Atlanta University,1,5,0.5793,3302.0,0.0009,0.8519,0.0012,0.0006,0.0012,0.0,0.0,0.0588,0.0854,0.0348,37761.0,21892.0,21892.0,17514.0,7347.0,6946.0,0.637,33496.0,904.0,1000.0
19.0,Cleveland,44115,,,OH,-1,3.3,2.2,13848,2.1,Cleveland State University,public,Cleveland State University,1,3,0.9006,11647.0,0.6399,0.162,0.0573,0.0337,0.0021,0.001,0.0363,0.0533,0.0143,0.2117,22293.0,9778.0,13829.0,10618.0,9773.0,9389.0,0.4886,16926.0,1341.0,1104.0
19.0,Ypsilanti,48197,,,MI,-1,3.3,2.2,11530,,Eastern Michigan University,public,Eastern Michigan University,1,3,0.4474,16536.0,0.6419,0.1845,0.0516,0.0249,0.0026,0.001,0.0394,0.0184,0.0356,0.2577,21840.0,12019.0,29200.0,10343.0,7243.0,9560.0,0.9879,14043.0,2029.0,1046.0
20.0,Johnson City,37614,,,TN,-1,3.5,2.1,26463,,East Tennessee State University,public,East Tennessee State University,1,5,0.8547,10881.0,0.8143,0.0687,0.0269,0.0132,0.0023,0.0011,0.0291,0.0332,0.0111,0.1171,21904.0,8679.0,26463.0,8636.0,12381.0,7201.0,0.6163,14218.0,1147.0,1122.0
20.0,Boca Raton,33431,,,FL,-1,4.0,2.4,21595,,Florida Atlantic University,public,Florida Atlantic University,1,5,0.6001,23748.0,0.409,0.2017,0.2706,0.0415,0.0021,0.0011,0.0374,0.0283,0.0083,0.3302,18593.0,4831.0,17276.0,6197.0,7200.0,8999.0,0.684,10466.0,1612.0,1149.0
22.0,Statesboro,30460,,,GA,-1,3.3,2.3,18692,2.4,Georgia Southern University,public,Georgia Southern University,1,5,0.6829,17062.0,0.6282,0.2441,0.0553,0.0185,0.0048,0.001,0.0249,0.0165,0.0067,0.0809,22467.0,6356.0,17142.0,6087.0,6408.0,6880.0,0.9026,16548.0,2131.0,1174.0
,Phoenix,85017,,,AZ,-1,,,17050,,Grand Canyon University,proprietary,Grand Canyon University,1,6,0.6692,48666.0,0.4825,0.1669,0.1959,0.0305,0.0106,0.0062,0.0391,0.008,0.0605,0.6716,31051.0,17050.0,17050.0,10977.0,1997.0,6482.0,0.0709,20570.0,1775.0,
16.0,Terre Haute,47809,,,IN,-1,3.1,2.4,19454,,Indiana State University,public,Indiana State University,1,3,0.8451,10817.0,0.6542,0.1947,0.0443,0.0113,0.0031,0.0004,0.0403,0.0449,0.0069,0.1353,21056.0,8916.0,19452.0,5851.0,7498.0,7503.0,0.7098,13012.0,1706.0,1013.0
,Indiana,15705,,,PA,-1,,2.1,15882,,Indiana University of Pennsylvania,public,Indiana University of Pennsylvania-Main Campus,1,2,0.9082,9965.0,0.7378,0.1242,0.0446,0.0102,0.0005,0.0003,0.0446,0.0293,0.0085,0.0495,26075.0,12119.0,17271.0,9479.0,10659.0,9704.0,0.7715,20761.0,1863.0,1016.0
16.0,Jackson,39217,,,MS,-1,2.9,,17614,,Jackson State University,public,Jackson State University,1,5,0.7173,6467.0,0.0376,0.912,0.0076,0.0023,0.0026,0.0,0.0145,0.0233,0.0,0.0829,22397.0,7621.0,18314.0,5545.0,9004.0,7246.0,0.6672,15380.0,756.0,990.0
21.0,Kennesaw,30144,,,GA,-1,3.3,2.7,21158,2.4,Kennesaw State University,public,Kennesaw State University,1,5,0.6063,32309.0,0.5557,0.2127,0.0964,0.0474,0.0017,0.0011,0.0465,0.0172,0.0214,0.2387,23919.0,6347.0,17329.0,6409.0,5952.0,7099.0,0.6044,18284.0,3219.0,1163.0
18.0,Beaumont,77710,,,TX,-1,3.2,2.0,22561,,Lamar University,public,Lamar University,1,6,0.8165,8928.0,0.4596,0.2653,0.1679,0.0464,0.0055,0.0013,0.0242,0.0124,0.0174,0.3328,19367.0,8314.0,18274.0,6741.0,5402.0,8283.0,0.7705,12941.0,974.0,1045.0
21.0,Lynchburg,24502,,,VA,-1,3.5,,24304,2.2,Liberty University,private,Liberty University,1,5,0.2979,45364.0,0.4994,0.1088,0.0517,0.0121,0.0048,0.0015,0.0214,0.0148,0.2856,0.4079,37388.0,21310.0,21310.0,11353.0,2832.0,5682.0,0.4614,27573.0,2182.0,1157.0
20.0,St. Charles,63301,,,MO,-1,3.3,,16960,,Lindenwood University,private,Lindenwood University,2,4,0.7375,6807.0,0.4998,0.1237,0.0386,0.0069,0.0029,0.0026,0.0222,0.1193,0.1839,0.0903,29322.0,16960.0,16960.0,13194.0,4827.0,7468.0,1.0,17548.0,668.0,1097.0
19.0,Murfreesboro,37132,,,TN,-1,3.4,2.2,27578,,Middle Tennessee State University,public,Middle Tennessee State University,1,5,0.5935,18600.0,0.6301,0.2123,0.0524,0.0305,0.0026,0.0004,0.0345,0.0355,0.0017,0.1517,20405.0,8612.0,26348.0,6909.0,9248.0,7349.0,0.7682,12416.0,1905.0,1124.0
16.0,Baltimore,21251,,,MD,-1,3.0,2.0,17833,,Morgan State University,public,Morgan State University,1,2,0.6372,6426.0,0.019,0.7698,0.0335,0.0087,0.0012,0.0006,0.0316,0.1214,0.0142,0.0937,23774.0,7766.0,17832.0,7306.0,9551.0,8799.0,0.6783,16658.0,589.0,977.0
,Chicago,60603,,,IL,-1,,,10380,,National Louis University,private,National Louis University,1,3,0.8559,1758.0,0.1724,0.2907,0.4704,0.0154,0.0017,0.0017,0.0148,0.0057,0.0273,0.3083,24158.0,10440.0,10440.0,15427.0,6151.0,6148.0,0.9866,15579.0,283.0,
18.0,Greensboro,27411,,,NC,-1,3.5,,19416,2.2,North Carolina A&T State University,public,North Carolina A & T State University,1,5,0.6223,10011.0,0.053,0.8198,0.0397,0.0077,0.0031,0.0001,0.0396,0.0122,0.0249,0.0747,19243.0,6526.0,19416.0,6271.0,8508.0,8929.0,0.6855,11743.0,1321.0,1010.0
20.0,Flagstaff,86011,,,AZ,-1,3.6,2.5,24841,2.8,Northern Arizona University,public,Northern Arizona University,1,6,0.8085,26974.0,0.5688,0.0332,0.2396,0.0196,0.025,0.0026,0.0568,0.0436,0.0109,0.1848,26314.0,11059.0,24841.0,8015.0,7402.0,8239.0,0.6633,14789.0,2162.0,940.0
19.0,DeKalb,60115,,,IL,-1,3.3,2.6,23817,2.7,Northern Illinois University,public,Northern Illinois University,1,3,0.5332,13430.0,0.5479,0.1578,0.1772,0.0538,0.0013,0.001,0.0366,0.0208,0.0036,0.1224,28557.0,14350.0,23816.0,7816.0,14104.0,8218.0,0.7511,19823.0,1359.0,1085.0
20.0,Rochester,48309,,,MI,-1,3.4,2.0,24735,,Oakland University,public,Oakland University,1,3,0.8441,15562.0,0.752,0.0713,0.0363,0.0483,0.0031,0.0009,0.0299,0.0215,0.0367,0.196,21262.0,11970.0,23873.0,11769.0,7908.0,9220.0,0.5064,12779.0,1566.0,1141.0
18.0,Norfolk,23529,,,VA,-1,3.3,2.5,28200,2.2,Old Dominion University,public,Old Dominion University,1,5,0.8572,19364.0,0.4466,0.3052,0.0872,0.0466,0.0028,0.0034,0.0677,0.015,0.0257,0.2243,23250.0,10050.0,27900.0,7203.0,9932.0,8400.0,0.9445,15368.0,1809.0,1089.0
19.0,Portland,97207,,,OR,-1,3.4,2.5,21180,2.2,Portland State University,public,Portland State University,1,8,0.9244,18585.0,0.5493,0.0361,0.1438,0.0927,0.0124,0.0068,0.0676,0.0538,0.0375,0.2661,20322.0,8783.0,26130.0,9208.0,9389.0,9173.0,0.5696,14160.0,686.0,1105.0
15.0,Prairie View,77446,,,TX,-1,3.0,,10059,,Prairie View A&M University,public,Prairie View A & M University,1,6,0.7893,7975.0,0.0183,0.8346,0.0924,0.0207,0.0034,0.0009,0.0135,0.014,0.0021,0.0795,22444.0,9959.0,23488.0,4955.0,7537.0,7653.0,0.8147,11090.0,1502.0,956.0
19.0,Virginia Beach,23464,,,VA,-1,3.5,,17450,,Regent University,private,Regent University,1,5,0.783,4087.0,0.5402,0.2843,0.0861,0.0152,0.0049,0.0037,0.0509,0.0054,0.0093,0.4465,27995.0,17288.0,17288.0,12361.0,4269.0,7953.0,0.7462,17842.0,200.0,1081.0
19.0,Huntsville,77340,,,TX,-1,,2.1,22340,,Sam Houston State University,public,Sam Houston State University,1,6,0.7439,18416.0,0.5056,0.1805,0.2296,0.0169,0.0055,0.0015,0.0305,0.0108,0.0189,0.1959,20791.0,8062.0,18022.0,8572.0,6570.0,7577.0,0.7895,13560.0,1977.0,1068.0
18.0,San Francisco,94132,,,CA,-1,3.2,2.5,19134,2.6,San Francisco State University,public,San Francisco State University,1,8,0.7046,25966.0,0.183,0.0544,0.3311,0.2599,0.0017,0.0042,0.0637,0.0629,0.0391,0.1513,22313.0,7254.0,19134.0,5230.0,7998.0,10411.0,0.4982,13787.0,2245.0,1054.0
18.0,Louisville,40203,,,KY,-1,,,24388,,Spalding University,private,Spalding University,1,5,0.5899,1080.0,0.675,0.1935,0.0463,0.0111,0.0037,0.0,0.0454,0.0056,0.0194,0.1519,33455.0,24000.0,24000.0,17087.0,8211.0,7326.0,0.4405,21872.0,149.0,1046.0
16.0,Nashville,37209,,,TN,-1,2.9,2.0,20178,,Tennessee State University,public,Tennessee State University,1,5,0.53,6380.0,0.1118,0.7434,0.0147,0.0071,0.0009,0.0,0.0212,0.0918,0.0091,0.1497,19058.0,7776.0,21132.0,6877.0,8732.0,7310.0,0.9707,11083.0,609.0,788.0
21.0,Cookeville,38505,,,TN,-1,3.6,,26190,2.1,Tennessee Technological University,public,Tennessee Technological University,1,5,0.644,9084.0,0.8336,0.0407,0.0318,0.014,0.0012,0.0003,0.0342,0.0391,0.0051,0.0954,23549.0,8513.0,24377.0,5935.0,8634.0,8012.0,1.0,14410.0,948.0,1192.0
17.0,Commerce,75429,,,TX,-1,3.3,2.1,20884,2.2,Texas A&M University--Commerce,public,Texas A & M University-Commerce,1,6,0.3454,8473.0,0.4588,0.2196,0.2082,0.0171,0.0055,0.0018,0.0677,0.0136,0.0077,0.2848,20342.0,8434.0,20884.0,7043.0,7044.0,8749.0,1.0,11704.0,723.0,1050.0
17.0,Corpus Christi,78412,,,TX,-1,3.3,2.2,26061,2.5,Texas A&M University--Corpus Christi,public,Texas A & M University-Corpus Christi,1,6,0.6046,10043.0,0.3582,0.0542,0.5074,0.0253,0.0013,0.0003,0.0185,0.0218,0.013,0.1702,20836.0,8750.0,18925.0,7716.0,6977.0,8062.0,0.654,16159.0,1001.0,983.0
17.0,Kingsville,78363,,,TX,-1,3.3,,20912,,Texas A&M University--Kingsville,public,Texas A & M University-Kingsville,1,6,0.8413,5694.0,0.1668,0.0604,0.7148,0.0084,0.0018,0.0018,0.0047,0.0386,0.0026,0.121,21006.0,8462.0,22102.0,6792.0,7342.0,7668.0,0.7893,13188.0,922.0,1021.0
15.0,Houston,77004,,,TX,-1,2.9,2.1,21240,,Texas Southern University,public,Texas Southern University,1,6,0.6666,7967.0,0.0131,0.7908,0.0672,0.0163,0.0065,0.0008,0.0188,0.0866,0.0,0.1597,24089.0,9173.0,21623.0,8389.0,11105.0,7650.0,0.6782,19676.0,904.0,846.0
20.0,San Marcos,78666,,,TX,-1,,2.2,23071,,Texas State University,public,Texas State University,1,6,0.7298,34180.0,0.4598,0.0975,0.3732,0.0221,0.0025,0.0016,0.0352,0.0054,0.0027,0.1803,21383.0,9985.0,21605.0,8234.0,7145.0,7960.0,0.7473,15545.0,3773.0,1121.0
17.0,Denton,76204,,,TX,-1,3.1,,21816,,Texas Woman's University,public,Texas Woman's University,1,6,0.8571,9417.0,0.3607,0.1835,0.3071,0.0908,0.003,0.0006,0.0363,0.0091,0.0088,0.2609,17539.0,7486.0,17446.0,6019.0,6923.0,8332.0,0.9764,9493.0,894.0,1002.0
19.0,Nashville,37210,,,TN,-1,3.4,,25100,,Trevecca Nazarene University,private,Trevecca Nazarene University,1,5,0.7038,2112.0,0.6075,0.1241,0.0947,0.0128,0.0033,0.0014,0.0284,0.0573,0.0705,0.3764,35805.0,25100.0,25100.0,12650.0,6139.0,6644.0,1.0,18549.0,262.0,1121.0
19.0,Deerfield,60015,,,IL,-1,3.2,,30750,,Trinity International University,private,Trinity International University-Illinois,3,3,0.75,750.0,0.544,0.1613,0.032,0.0387,0.0027,0.004,0.0493,0.0333,0.1347,0.2573,42606.0,30750.0,30750.0,11238.0,11998.0,7872.0,0.2652,19887.0,129.0,1129.0
19.0,Akron,44325,,,OH,-1,3.3,2.3,21863,2.1,University of Akron,public,University of Akron Main Campus,2,3,0.9255,15047.0,0.7331,0.1235,0.0274,0.0274,0.0014,0.0004,0.0455,0.022,0.0193,0.1275,24128.0,10270.0,18801.0,9845.0,10572.0,9571.0,0.5319,17951.0,1863.0,1125.0
19.0,Little Rock,72204,,,AR,-1,3.1,2.5,19797,2.0,University of Arkansas--Little Rock,public,University of Arkansas at Little Rock,1,5,0.7463,6677.0,0.507,0.2864,0.0428,0.0193,0.0027,0.0,0.1002,0.0395,0.0021,0.3654,21377.0,8998.0,21208.0,5808.0,7563.0,7425.0,0.9774,13729.0,561.0,1105.0
21.0,Lafayette,70504,,,LA,-1,3.3,2.3,23074,,University of Louisiana--Lafayette,public,University of Louisiana at Lafayette,1,5,0.5087,14753.0,0.6517,0.2063,0.0543,0.0228,0.0019,0.0008,0.0209,0.0163,0.0251,0.1363,20443.0,9888.0,23616.0,9443.0,7588.0,8559.0,0.7706,12768.0,1891.0,1162.0
19.0,Monroe,71209,,,LA,-1,3.5,2.0,20381,,University of Louisiana--Monroe,public,University of Louisiana at Monroe,1,5,0.7546,6121.0,0.6154,0.2464,0.0211,0.019,0.0042,0.0007,0.0253,0.0431,0.0248,0.1596,19162.0,8470.0,20570.0,7978.0,6819.0,7268.0,1.0,11316.0,841.0,1124.0
17.0,Princess Anne,21853,,,MD,-1,2.9,2.0,18048,2.4,University of Maryland--Eastern Shore,public,University of Maryland Eastern Shore,1,2,0.3901,2799.0,0.0975,0.7621,0.0389,0.0104,0.0025,0.0007,0.055,0.03,0.0029,0.0807,22192.0,8042.0,18048.0,4214.0,12436.0,8235.0,0.6935,15860.0,479.0,950.0
19.0,Memphis,38152,,,TN,-1,3.4,2.7,21413,2.1,University of Memphis,public,University of Memphis,1,5,0.8482,15901.0,0.4787,0.3667,0.0513,0.0347,0.0028,0.0008,0.0382,0.0176,0.0092,0.2221,22201.0,9317.0,21029.0,8105.0,9820.0,8795.0,0.6615,13921.0,1786.0,1106.0
21.0,St. Louis,63121,,,MO,-1,3.4,2.6,27327,2.7,University of Missouri--St. Louis,public,University of Missouri-St Louis,1,4,0.7594,7362.0,0.6362,0.1697,0.0336,0.0515,0.0035,0.0014,0.0329,0.0326,0.0387,0.2876,21397.0,9590.0,25505.0,8691.0,9876.0,8569.0,0.5222,10010.0,232.0,1197.0
19.0,Omaha,68182,,,NE,-1,3.4,2.6,22035,,University of Nebraska--Omaha,public,University of Nebraska at Omaha,1,4,0.8653,12424.0,0.6683,0.0619,0.1255,0.0395,0.0024,0.0011,0.0456,0.0391,0.0166,0.2135,17935.0,7630.0,20320.0,6562.0,8886.0,8303.0,0.5041,13173.0,1151.0,1125.0
19.0,Las Vegas,89154,,,NV,-1,3.3,2.5,21498,2.2,University of Nevada--Las Vegas,public,University of Nevada-Las Vegas,1,8,0.8107,24783.0,0.3168,0.078,0.2932,0.1562,0.0023,0.0094,0.1032,0.0361,0.0047,0.2389,16964.0,7665.0,21853.0,7181.0,9791.0,10544.0,1.0,10555.0,1853.0,1100.0
20.0,New Orleans,70148,,,LA,-1,3.2,2.4,13530,,University of New Orleans,public,University of New Orleans,1,5,0.5661,5917.0,0.5153,0.1655,0.1264,0.086,0.003,0.0008,0.0456,0.045,0.0123,0.2045,18619.0,8484.0,13320.0,8970.0,7865.0,7762.0,0.6551,11135.0,557.0,1126.0
21.0,Greensboro,27402,,,NC,-1,3.8,2.6,22410,,University of North Carolina--Greensboro,public,University of North Carolina at Greensboro,1,5,0.7804,15988.0,0.4892,0.2879,0.0934,0.0544,0.004,0.0006,0.049,0.017,0.0046,0.1255,19276.0,7250.0,22409.0,6059.0,8944.0,8534.0,0.7557,12226.0,2107.0,1114.0
19.0,Greeley,80639,,,CO,-1,3.3,2.3,20474,,University of Northern Colorado,public,University of Northern Colorado,1,7,0.8908,9104.0,0.6115,0.0457,0.2089,0.0199,0.0041,0.0015,0.0466,0.0119,0.05,0.0941,22604.0,9546.0,21132.0,10560.0,10145.0,7749.0,0.6081,20367.0,1233.0,1107.0
20.0,Denton,76203,,,TX,-1,,2.4,23716,,University of North Texas,public,University of North Texas,1,6,0.7241,31448.0,0.4493,0.1304,0.2443,0.0609,0.0029,0.001,0.0613,0.041,0.0088,0.1862,21907.0,10544.0,20504.0,9511.0,6155.0,10813.0,1.0,13832.0,2859.0,1167.0
20.0,Mobile,36688,,,AL,-1,3.5,2.1,19586,2.6,University of South Alabama,public,University of South Alabama,1,5,0.8208,10712.0,0.5927,0.2251,0.0334,0.03,0.0065,0.0015,0.0308,0.0579,0.0221,0.1527,19702.0,7812.0,15324.0,9198.0,9082.0,7203.0,0.6234,15082.0,1158.0,1142.0
20.0,Hattiesburg,39406,,,MS,-1,3.3,2.2,9854,,University of Southern Mississippi,public,University of Southern Mississippi,1,5,0.9843,11747.0,0.6098,0.2848,0.0331,0.0127,0.0046,0.001,0.0278,0.0162,0.0101,0.116,20866.0,8218.0,10218.0,6718.0,8878.0,7553.0,0.9882,13178.0,800.0,1125.0
20.0,Arlington,76019,,,TX,-1,,2.7,25152,2.4,University of Texas--Arlington,public,The University of Texas at Arlington,1,6,0.7122,32955.0,0.3626,0.1482,0.2748,0.1132,0.0028,0.0016,0.0358,0.0409,0.02,0.4604,21154.0,9952.0,25152.0,7432.0,5326.0,9371.0,1.0,13200.0,1708.0,1163.0
17.0,El Paso,79968,,,TX,-1,3.2,2.3,21396,2.1,University of Texas--El Paso,public,The University of Texas at El Paso,1,6,1.0,21216.0,0.0582,0.0245,0.8371,0.0073,0.0007,0.0013,0.0088,0.0581,0.0041,0.3395,16033.0,7851.0,21596.0,5847.0,7663.0,8902.0,0.6981,8135.0,2118.0,1011.0
18.0,Edinburg,78539,,,TX,-1,,,17230,2.1,University of Texas--Rio Grande Valley,public,The University of Texas Rio Grande Valley,1,6,0.8048,24142.0,0.0249,0.0046,0.9179,0.0121,0.0002,0.0005,0.0031,0.0245,0.0123,0.228,13401.0,7587.0,17547.0,4447.0,7266.0,7573.0,0.8718,3901.0,2820.0,1020.0
20.0,San Antonio,78249,,,TX,-1,,2.4,23379,2.1,University of Texas--San Antonio,public,The University of Texas at San Antonio,1,6,0.7946,25709.0,0.2337,0.0917,0.553,0.0561,0.0018,0.002,0.0342,0.0204,0.0071,0.1729,19906.0,7969.0,19168.0,7672.0,7043.0,9261.0,0.7177,12745.0,2906.0,1122.0
19.0,Williamsburg,40769,,,KY,-1,3.5,,23000,,University of the Cumberlands,private,University of the Cumberlands,1,5,0.7436,2085.0,0.5204,0.0297,0.0144,0.0043,0.0029,0.0005,0.0101,0.0336,0.3842,0.1338,37529.0,23000.0,23000.0,8018.0,3339.0,5136.0,0.4649,19509.0,349.0,1092.0
20.0,Toledo,43606,,,OH,-1,3.4,2.3,18578,2.1,University of Toledo,public,University of Toledo,1,3,0.9435,15109.0,0.6839,0.1117,0.0516,0.0216,0.0015,0.0006,0.033,0.0635,0.0328,0.1448,23471.0,9547.0,18885.0,10646.0,13027.0,8707.0,0.7079,15095.0,1971.0,1142.0
21.0,Pensacola,32514,,,FL,-1,3.6,,18628,2.1,University of West Florida,public,The University of West Florida,1,5,0.4958,9602.0,0.6527,0.1248,0.0933,0.0317,0.0062,0.0027,0.0532,0.0179,0.0175,0.2935,16910.0,6360.0,19241.0,5928.0,6318.0,8083.0,1.0,10729.0,667.0,1185.0
18.0,Carrollton,30118,,,GA,-1,3.2,2.0,20406,,University of West Georgia,public,University of West Georgia,1,5,0.5862,10468.0,0.4664,0.4003,0.0628,0.01,0.0011,0.0012,0.0357,0.009,0.0135,0.1594,21257.0,6226.0,17010.0,5755.0,7083.0,6452.0,0.8041,15056.0,1799.0,1016.0
20.0,Milwaukee,53201,,,WI,-1,3.1,2.8,19851,2.4,University of Wisconsin--Milwaukee,public,University of Wisconsin-Milwaukee,1,3,0.7248,19436.0,0.6595,0.0765,0.1108,0.0677,0.0039,0.0009,0.0427,0.0359,0.0022,0.1338,21701.0,9565.0,20844.0,8765.0,8925.0,8426.0,0.6545,16650.0,1951.0,1125.0
19.0,Valdosta,31698,,,GA,-1,3.2,2.1,17196,,Valdosta State University,public,Valdosta State University,1,5,0.7417,8557.0,0.4731,0.3853,0.0644,0.0117,0.0023,0.0006,0.0375,0.0212,0.004,0.1665,20988.0,6410.0,17196.0,6216.0,6718.0,6624.0,0.7658,14656.0,941.0,1059.0
21.0,Wichita,67260,,,KS,-1,3.4,2.3,17270,2.2,Wichita State University,public,Wichita State University,1,4,0.938,10970.0,0.6,0.0608,0.1224,0.0723,0.0065,0.0012,0.0481,0.0662,0.0225,0.2095,18924.0,8432.0,17390.0,8568.0,7543.0,7651.0,0.968,14113.0,777.0,1159.0
18.0,Dayton,45435,,,OH,-1,3.3,2.3,17350,2.2,Wright State University,public,Wright State University-Main Campus,2,3,0.9677,11251.0,0.7453,0.1106,0.0356,0.0261,0.0014,0.001,0.043,0.0319,0.0051,0.1715,21261.0,8730.0,17098.0,9612.0,10860.0,9173.0,0.994,16249.0,1586.0,1107.0
