,act_avg,city,zip,percent_receiving_aid,cost_after_aid,state,rankingSortRank,hs_gpa_avg,businessRepScore,tuition,engineeringRepScore,displayName,institutionalControl,institution_name,branches,region,admission_rate,ug_enrollment,percent_white,percent_black,percent_hispanic,percent_asian,percent_aian,percent_nhpi,percent_twoormore,percent_nra,percent_unknown,percent_parttime,avg_cost,instante_tuition,outstate_tuition,tuition_revenue_per,instructional_expenditure_per,avg_faculty_salary,ft_faculty_rate,avg_net_price,number_titleIV,sat_avg
0,32.0,Princeton,8544,60.0,16793.0,NJ,1,3.9,2.8343347639484984,47140,4.1,Princeton University,private,Princeton University,1,2,0.0641,5246.0,0.4262,0.077,0.1012,0.2144,0.0015,0.0017,0.0433,0.1199,0.0147,0.0,64390.0,47140.0,47140.0,13216.0,53658.0,17519.0,0.849,10027.0,346.0,1500.0
1,32.0,Cambridge,2138,55.0,16338.0,MA,2,4.0,2.8343347639484984,48949,3.6,Harvard University,private,Harvard University,1,1,0.0516,7532.0,0.4201,0.0728,0.1109,0.1888,0.0021,0.0009,0.0665,0.1178,0.0202,0.0779,66900.0,48949.0,48949.0,31930.0,43823.0,19741.0,0.8589,14327.0,350.0,1523.0
2,32.0,Chicago,60637,42.0,27767.0,IL,3,4.0,2.8343347639484984,54825,2.806829268292683,University of Chicago,private,University of Chicago,1,3,0.0873,6298.0,0.4211,0.053,0.1253,0.184,0.0013,0.0,0.0597,0.131,0.0246,0.0035,72717.0,56034.0,56034.0,28508.0,89151.0,18115.0,0.8239,25455.0,494.0,1524.0
3,32.0,New Haven,6520,50.0,18385.0,CT,3,3.5465020576131687,2.8343347639484984,51400,3.4,Yale University,private,Yale University,1,1,0.0693,5742.0,0.4469,0.0704,0.1261,0.1762,0.0057,0.0007,0.0625,0.1069,0.0045,0.0002,68950.0,51400.0,51400.0,17934.0,120956.0,17517.0,0.7459,18627.0,387.0,1520.0
4,32.0,New York,10027,48.0,21041.0,NY,5,3.5465020576131687,2.8343347639484984,57208,3.8,Columbia University,private,Columbia University in the City of New York,1,2,0.064,8147.0,0.3671,0.0751,0.132,0.1733,0.0042,0.001,0.0572,0.1689,0.0212,0.0698,71972.0,57208.0,57208.0,37294.0,89742.0,18713.0,0.4688,24231.0,526.0,1522.0
5,33.0,Cambridge,2139,58.0,20331.0,MA,5,3.5465020576131687,4.6,49892,4.9,Massachusetts Institute of Technology,private,Massachusetts Institute of Technology,1,1,0.0717,4489.0,0.3377,0.0628,0.1437,0.2662,0.0013,0.0,0.0686,0.1047,0.0149,0.0074,65478.0,49892.0,49892.0,32140.0,77686.0,18182.0,0.9903,20771.0,347.0,1532.0
6,31.0,Stanford,94305,47.0,19296.0,CA,5,3.5465020576131687,2.8343347639484984,49617,4.8,Stanford University,private,Stanford University,1,8,0.0473,7056.0,0.3569,0.0666,0.1562,0.2167,0.0089,0.0031,0.0962,0.0916,0.0038,0.0,66696.0,49617.0,49617.0,27778.0,114844.0,22924.0,0.9845,13261.0,363.0,1489.0
7,32.0,Philadelphia,19104,47.0,25441.0,PA,8,3.9,4.8,53534,3.6,University of Pennsylvania,private,University of Pennsylvania,1,2,0.093,10660.0,0.4369,0.0724,0.1032,0.2005,0.0012,0.0003,0.0467,0.1212,0.0176,0.0373,69340.0,53534.0,53534.0,38594.0,52065.0,17435.0,0.7316,24242.0,873.0,1506.0
8,31.0,Durham,27708,41.0,23374.0,NC,9,3.5465020576131687,2.8343347639484984,53744,3.7,Duke University,private,Duke University,1,5,0.0986,6552.0,0.4356,0.0998,0.0926,0.2109,0.0072,0.0011,0.0217,0.1044,0.0267,0.0024,69847.0,53500.0,53500.0,31235.0,70127.0,15844.0,0.9005,36415.0,784.0,1488.0
9,34.0,Pasadena,91125,51.0,23973.0,CA,10,3.5465020576131687,2.8343347639484984,49908,4.6,California Institute of Technology,private,California Institute of Technology,1,8,0.0774,961.0,0.2778,0.0135,0.1197,0.4329,0.0,0.0,0.0708,0.0853,0.0,0.0,65874.0,49908.0,49908.0,18456.0,98888.0,19600.0,0.9152,23345.0,69.0,1558.0
10,30.0,Hanover,3755,50.0,23312.0,NH,11,3.5465020576131687,2.8343347639484984,52950,3.2,Dartmouth College,private,Dartmouth College,1,1,0.1045,4315.0,0.5022,0.0667,0.1006,0.1497,0.0185,0.0032,0.054,0.0864,0.0185,0.0002,69474.0,53368.0,53368.0,31475.0,29248.0,14996.0,0.8153,30421.0,444.0,1483.0
11,32.0,Baltimore,21218,45.0,30067.0,MD,11,3.9,2.8343347639484984,52170,3.9,Johns Hopkins University,private,Johns Hopkins University,1,2,0.1254,5663.0,0.335,0.065,0.1381,0.2587,0.0012,0.0021,0.0519,0.1014,0.0466,0.0039,67603.0,52170.0,52170.0,25523.0,81395.0,13055.0,0.962,33586.0,641.0,1524.0
12,32.0,Evanston,60208,43.0,31087.0,IL,11,3.5465020576131687,2.8343347639484984,52678,4.0,Northwestern University,private,Northwestern University,1,3,0.0924,8489.0,0.4698,0.0597,0.1255,0.1695,0.0008,0.0,0.0543,0.0885,0.0319,0.0379,70317.0,52678.0,52678.0,29743.0,44763.0,16645.0,0.8215,24047.0,734.0,1500.0
13,31.0,Providence,2912,41.0,24482.0,RI,14,3.5465020576131687,2.8343347639484984,53419,3.3,Brown University,private,Brown University,1,1,0.0849,6670.0,0.439,0.0636,0.1154,0.1477,0.0045,0.0018,0.0604,0.1126,0.055,0.0024,68106.0,53419.0,53419.0,36238.0,34733.0,15276.0,0.8963,30205.0,664.0,1494.0
15,32.0,Houston,77251,37.0,23996.0,TX,14,3.5465020576131687,2.8343347639484984,45608,3.7,Rice University,private,Rice University,1,6,0.1586,3970.0,0.3458,0.0683,0.1466,0.2589,0.0015,0.0015,0.0423,0.1174,0.0176,0.0171,60518.0,45608.0,45608.0,23661.0,42825.0,15481.0,0.8217,20237.0,308.0,1535.0
16,32.0,Nashville,37240,46.0,23323.0,TN,14,3.8,2.8343347639484984,47664,3.4,Vanderbilt University,private,Vanderbilt University,1,5,0.1085,6856.0,0.4844,0.1034,0.0963,0.1349,0.0053,0.0029,0.0515,0.0758,0.0455,0.0095,64654.0,47664.0,47664.0,24187.0,32176.0,13450.0,0.8158,19959.0,505.0,1515.0
17,32.0,Notre Dame,46556,47.0,29653.0,IN,18,3.5465020576131687,4.1,51505,3.3,University of Notre Dame,private,University of Notre Dame,2,3,0.1892,8527.0,0.6891,0.0386,0.1053,0.0496,0.0015,0.0006,0.0478,0.0618,0.0056,0.0021,67043.0,51505.0,51505.0,24175.0,29029.0,14001.0,0.8961,28768.0,762.0,1486.0
18,32.0,St. Louis,63130,41.0,29245.0,MO,18,3.5465020576131687,4.0,51533,3.3,Washington University in St. Louis,private,Washington University in St Louis,1,4,0.1596,7253.0,0.5243,0.0775,0.0864,0.1732,0.0006,0.0001,0.0478,0.0735,0.0165,0.032,69754.0,51533.0,51533.0,25799.0,118824.0,14653.0,0.6718,28540.0,619.0,1508.0
19,30.0,Washington,20057,34.0,29667.0,DC,20,3.5465020576131687,3.8,52300,2.806829268292683,Georgetown University,private,Georgetown University,1,2,0.1568,7128.0,0.5438,0.0644,0.1045,0.0953,0.0,0.001,0.0457,0.1258,0.0195,0.025,69313.0,52300.0,52300.0,37238.0,30793.0,15200.0,0.4835,30107.0,599.0,1451.0
20,30.0,Atlanta,30322,42.0,24264.0,GA,21,3.7,3.8,49392,2.806829268292683,Emory University,private,Emory University,2,5,0.2204,6776.0,0.4109,0.0816,0.094,0.1961,0.0013,0.0004,0.037,0.1615,0.0171,0.0091,65080.0,49392.0,49392.0,26725.0,47872.0,13945.0,0.7713,26760.0,550.0,1443.0
22,25.0,Los Angeles,90095,15.0,42896.0,CA,21,3.9,2.8343347639484984,41270,3.8,University of California--Los Angeles,public,University of California-Los Angeles,1,8,0.161,30994.0,0.2671,0.0342,0.2221,0.281,0.0018,0.0028,0.052,0.1173,0.0217,0.0176,33751.0,13261.0,41275.0,18313.0,49371.0,17908.0,0.7086,14309.0,2725.0,1387.0
23,30.0,Los Angeles,90089,33.0,33112.0,CA,21,3.7,4.1,54259,3.6,University of Southern California,private,University of Southern California,1,8,0.1595,18942.0,0.3971,0.0462,0.1447,0.2052,0.0014,0.0024,0.0566,0.1332,0.0133,0.0252,69547.0,54259.0,54259.0,34888.0,48382.0,14389.0,0.6048,30232.0,1126.0,1437.0
24,31.0,Pittsburgh,15213,40.0,33550.0,PA,25,3.8,4.2,53910,4.3,Carnegie Mellon University,private,Carnegie Mellon University,1,2,0.222,6434.0,0.2779,0.0437,0.0898,0.3087,0.0005,0.0003,0.0424,0.1826,0.0541,0.0216,67980.0,53910.0,53910.0,39806.0,32874.0,11852.0,0.9487,31102.0,695.0,1506.0
25,29.0,Charlottesville,22904,28.0,28079.0,VA,25,4.0,4.2,46975,3.4,University of Virginia,public,University of Virginia-Main Campus,1,5,0.2735,16207.0,0.5816,0.0665,0.0666,0.1393,0.001,0.0006,0.0442,0.0414,0.0588,0.0315,31186.0,16853.0,47273.0,21020.0,19941.0,13819.0,0.9423,20857.0,829.0,1415.0
26,28.0,Winston-Salem,27109,30.0,24241.0,NC,27,3.5465020576131687,3.4,51400,2.806829268292683,Wake Forest University,private,Wake Forest University,1,5,0.2757,5101.0,0.6955,0.0674,0.0684,0.04,0.0014,0.0004,0.0286,0.0968,0.0014,0.0108,66440.0,51400.0,51400.0,32036.0,28205.0,11795.0,0.7714,33382.0,397.0,1240.0
27,29.0,Ann Arbor,48109,25.0,32856.0,MI,28,3.8,4.5,47476,4.4,University of Michigan--Ann Arbor,public,University of Michigan-Ann Arbor,1,3,0.265,29550.0,0.6051,0.0426,0.0573,0.1398,0.0015,0.0005,0.0406,0.0678,0.0448,0.0349,28652.0,14826.0,47476.0,23581.0,25620.0,11258.0,0.8275,14860.0,1606.0,1436.0
28,31.0,Medford,2155,34.0,27034.0,MA,29,3.5465020576131687,2.8343347639484984,54318,3.0,Tufts University,private,Tufts University,1,1,0.1491,5492.0,0.5657,0.0404,0.0679,0.1191,0.0,0.0,0.0493,0.102,0.0555,0.0055,68051.0,54318.0,54318.0,32313.0,22061.0,12131.0,0.6345,32620.0,464.0,1482.0
30,27.0,Chapel Hill,27599,41.0,17815.0,NC,30,4.0,4.2,34588,2.806829268292683,University of North Carolina--Chapel Hill,public,University of North Carolina at Chapel Hill,1,5,0.244,18658.0,0.6217,0.0795,0.0783,0.1068,0.0044,0.0005,0.0448,0.0269,0.037,0.0205,24872.0,9005.0,34588.0,14775.0,27735.0,12555.0,0.7726,14163.0,1572.0,1393.0
31,30.0,Chestnut Hill,2467,35.0,30170.0,MA,32,3.5465020576131687,3.6,53346,2.806829268292683,Boston College,private,Boston College,1,1,0.3241,9636.0,0.6107,0.0395,0.1044,0.0962,0.0002,0.0002,0.0324,0.0689,0.0474,0.0115,68039.0,53346.0,53346.0,33677.0,23796.0,14977.0,0.5929,34550.0,968.0,1434.0
33,29.0,Waltham,2454,47.0,29288.0,MA,34,3.9,2.9,53582,2.806829268292683,Brandeis University,private,Brandeis University,1,1,0.3422,3624.0,0.4732,0.0533,0.0742,0.1319,0.0008,0.0017,0.0306,0.21,0.0243,0.0011,68206.0,53537.0,53537.0,23516.0,19277.0,12774.0,0.6667,31308.0,421.0,1403.0
35,29.0,Rochester,14627,51.0,28476.0,NY,34,3.5465020576131687,2.8343347639484984,52020,2.7,University of Rochester,private,University of Rochester,1,2,0.3421,6320.0,0.4472,0.0487,0.0717,0.109,0.0011,0.0008,0.0282,0.2403,0.053,0.0147,67722.0,52020.0,52020.0,22633.0,31359.0,12675.0,0.9334,30480.0,665.0,1410.0
36,28.0,Boston,2215,36.0,34539.0,MA,37,3.6,3.4,52082,3.1,Boston University,private,Boston University,1,1,0.2511,16716.0,0.397,0.0408,0.1154,0.1488,0.0005,0.0012,0.038,0.2172,0.0411,0.0219,67879.0,52082.0,52082.0,31947.0,30039.0,13657.0,0.6869,37065.0,1514.0,1401.0
37,30.0,Cleveland,44106,48.0,35248.0,OH,37,3.5465020576131687,3.5,47500,3.3,Case Western Reserve University,private,Case Western Reserve University,1,3,0.3312,5020.0,0.4875,0.0434,0.0651,0.2062,0.0008,0.001,0.047,0.1335,0.0155,0.0108,63216.0,47500.0,47500.0,25887.0,29979.0,11400.0,0.7824,35316.0,806.0,1441.0
40,29.0,New Orleans,70118,31.0,35111.0,LA,40,3.5,3.2,52960,2.4,Tulane University,private,Tulane University of Louisiana,1,5,0.215,7871.0,0.6967,0.079,0.0722,0.0443,0.0023,0.0017,0.038,0.049,0.0168,0.1467,66896.0,52960.0,52960.0,27357.0,25525.0,11440.0,0.6504,34238.0,641.0,1442.0
41,28.0,Troy,12180,61.0,35125.0,NY,42,3.9,3.1,52305,3.5,Rensselaer Polytechnic Institute,private,Rensselaer Polytechnic Institute,2,2,0.4317,6314.0,0.5336,0.0393,0.0898,0.118,0.0011,0.0003,0.0672,0.137,0.0138,0.0014,68244.0,52305.0,52305.0,27347.0,17911.0,12584.0,0.8889,34839.0,1096.0,1405.0
42,23.02405498281787,Irvine,92697,6.0,43506.0,CA,42,4.0,3.5,43530,3.3,University of California--Irvine,public,University of California-Irvine,1,8,0.3651,29295.0,0.1396,0.0192,0.2643,0.3568,0.0005,0.003,0.0382,0.1675,0.0109,0.0154,31976.0,13738.0,41752.0,15149.0,21993.0,15096.0,0.809,13376.0,3256.0,1291.0
45,29.0,Bethlehem,18015,38.0,25376.0,PA,46,3.5465020576131687,2.9,50740,3.2,Lehigh University,private,Lehigh University,1,2,0.2515,5057.0,0.6377,0.0368,0.0872,0.0827,0.0016,0.0008,0.0289,0.0858,0.0386,0.0113,62921.0,50740.0,50740.0,28732.0,22598.0,13272.0,0.8442,34212.0,578.0,1382.0
47,24.0,Davis,95616,9.0,44075.0,CA,46,4.0,2.8343347639484984,42396,3.5,University of California--Davis,public,University of California-Davis,1,8,0.4336,30046.0,0.2516,0.0221,0.2143,0.2839,0.0018,0.0043,0.0515,0.1568,0.0137,0.026,34428.0,14419.0,42433.0,15911.0,25752.0,13940.0,0.8678,15769.0,2770.0,1286.0
48,28.0,Coral Gables,33124,33.0,34479.0,FL,46,3.6,3.1,48484,2.5,University of Miami,private,University of Miami,1,5,0.357,10613.0,0.4202,0.0824,0.2266,0.054,0.0012,0.0004,0.0319,0.1461,0.0371,0.0451,62810.0,48484.0,48484.0,29896.0,26072.0,12193.0,0.779,29184.0,750.0,1366.0
55,27.0,Washington,20052,43.0,37996.0,DC,56,3.5465020576131687,3.3,53518,2.6,George Washington University,private,George Washington University,1,2,0.4098,11718.0,0.5253,0.0673,0.0979,0.1017,0.0013,0.0011,0.0383,0.1074,0.0596,0.0781,66996.0,53518.0,53518.0,31240.0,22517.0,14272.0,0.4867,31956.0,1143.0,1386.0
56,25.0,West Lafayette,47907,16.0,28383.0,IN,56,3.7,3.6,28804,4.3,Purdue University--West Lafayette,public,Purdue University-Main Campus,10,3,0.5747,31887.0,0.6378,0.0297,0.05,0.0734,0.0013,0.0008,0.0286,0.1555,0.0227,0.0507,22718.0,9992.0,28794.0,16418.0,19065.0,12150.0,0.9465,13746.0,2158.0,1293.0
59,26.0,Seattle,98195,20.0,47746.0,WA,56,3.8,3.6,35538,3.7,University of Washington,public,University of Washington-Seattle Campus,3,8,0.4642,30295.0,0.4048,0.0299,0.0803,0.2459,0.0044,0.0048,0.0741,0.145,0.0106,0.058,24498.0,10974.0,35538.0,17222.0,26427.0,12625.0,0.7749,12037.0,2032.0,1331.0
60,27.0,Provo,84602,38.0,13186.0,UT,61,3.8,3.5,5460,2.6,Brigham Young University--Provo,private,Brigham Young University,1,7,0.524,31233.0,0.8229,0.0052,0.0598,0.0189,0.0028,0.0066,0.0403,0.0318,0.0116,0.0985,17801.0,5460.0,5460.0,5836.0,14613.0,10712.0,0.72,12974.0,1179.0,1364.0
80,27.0,Worcester,1610,62.0,27702.0,MA,81,3.7,2.5,44400,2.806829268292683,Clark University,private,Clark University,1,1,0.5627,2205.0,0.5764,0.0381,0.0798,0.0794,0.0018,0.0,0.0231,0.1379,0.0635,0.0082,53086.0,44400.0,44400.0,18428.0,12561.0,10701.0,1.0,27004.0,316.0,1110.0
87,26.0,Denver,80208,40.0,31393.0,CO,87,3.7,2.9,48669,2.0,University of Denver,private,University of Denver,1,7,0.5805,5753.0,0.6869,0.0203,0.1093,0.0421,0.0021,0.0007,0.0422,0.0749,0.0214,0.0464,61824.0,48669.0,48669.0,27214.0,15302.0,10704.0,0.5815,32174.0,610.0,1294.0
88,26.0,Tulsa,74104,15.0,49957.0,OK,87,3.9,2.5,39502,2.2,University of Tulsa,private,University of Tulsa,1,6,0.3895,3316.0,0.5676,0.0531,0.0642,0.0522,0.0259,0.0012,0.0271,0.1924,0.0163,0.0362,56173.0,41509.0,41509.0,20400.0,15648.0,10669.0,0.773,23948.0,327.0,1335.0
94,24.0,St. Louis,63103,51.0,28328.0,MO,94,3.9,2.9,42166,2.2,Saint Louis University,private,Saint Louis University,1,4,0.6443,7209.0,0.6937,0.0565,0.0569,0.1033,0.0019,0.0004,0.0284,0.0506,0.0082,0.0839,55055.0,42166.0,42166.0,20686.0,19514.0,10093.0,0.6411,27341.0,888.0,1319.0
101,25.0,Burlington,5405,48.0,36399.0,VT,97,3.6,2.6,41356,2.3,University of Vermont,public,University of Vermont,1,1,0.672,10513.0,0.8087,0.0127,0.039,0.0283,0.0008,0.0002,0.0302,0.0555,0.0246,0.03,31606.0,17740.0,41356.0,24788.0,16555.0,9791.0,0.7961,18877.0,369.0,1280.0
103,26.0,Chicago,60616,62.0,29116.0,IL,103,4.0,2.3,45864,2.8,Illinois Institute of Technology,private,Illinois Institute of Technology,1,3,0.5403,2763.0,0.3435,0.0608,0.165,0.1444,0.0011,0.0004,0.0304,0.2179,0.0366,0.0492,60489.0,45864.0,45864.0,21204.0,11376.0,12391.0,0.5585,22098.0,294.0,1323.0
107,25.0,Columbia,29208,8.0,41810.0,SC,103,3.5465020576131687,3.2,32362,2.4,University of South Carolina,public,University of South Carolina-Columbia,2,5,0.7231,25550.0,0.7634,0.0892,0.0466,0.0296,0.0017,0.0011,0.0369,0.0212,0.0104,0.038,26079.0,11862.0,31962.0,13184.0,12407.0,10697.0,0.728,19519.0,2277.0,1282.0
112,23.0,Stockton,95211,67.0,37188.0,CA,110,3.5,2.2,46346,2.9,University of the Pacific,private,University of the Pacific,1,8,0.6487,3542.0,0.2329,0.0333,0.1976,0.3619,0.004,0.0045,0.072,0.0601,0.0336,0.0268,58718.0,46346.0,46346.0,33201.0,21147.0,10575.0,0.5385,29171.0,449.0,1220.0
124,22.0,Fort Collins,80523,16.0,39497.0,CO,124,3.6,2.9,29140,2.8,Colorado State University,public,Colorado State University-Fort Collins,1,7,0.8262,23804.0,0.7215,0.0234,0.1329,0.0258,0.005,0.0018,0.0379,0.0372,0.0145,0.1009,25932.0,11395.0,28903.0,14759.0,11951.0,9688.0,0.6665,18700.0,1840.0,1212.0
128,21.0,Riverside,92521,15.0,41753.0,CA,124,3.7,3.0,41931,2.6,University of California--Riverside,public,University of California-Riverside,1,8,0.565,20044.0,0.1195,0.0408,0.4045,0.3422,0.0016,0.0041,0.04,0.0367,0.0106,0.0169,32308.0,13917.0,41931.0,12938.0,14536.0,12816.0,0.8654,12344.0,3915.0,1215.0
132,23.0,Baton Rouge,70803,14.0,40711.0,LA,133,3.4,2.8,28051,2.5,Louisiana State University--Baton Rouge,public,Louisiana State University and Agricultural & Mechanical College,1,5,0.7392,23331.0,0.721,0.1187,0.0637,0.0431,0.0037,0.0013,0.0201,0.0198,0.0086,0.0592,27612.0,11374.0,28051.0,11816.0,11087.0,9922.0,0.9134,18181.0,2735.0,1226.0
140,23.0,Newark,7102,35.0,18674.0,NJ,140,3.5,2.4,31034,2.6,New Jersey Institute of Technology,public,New Jersey Institute of Technology,1,2,0.6139,7489.0,0.3466,0.0801,0.2131,0.2239,0.0007,0.0004,0.0328,0.047,0.0553,0.1522,29851.0,16898.0,31918.0,14541.0,13790.0,12688.0,0.5662,20011.0,597.0,1282.0
152,21.0,Athens,45701,35.27972027972028,33920.86713286713,OH,151,3.5,2.7,21360,2.3,Ohio University,public,Ohio University-Main Campus,6,3,0.7393,22936.0,0.8322,0.0562,0.0296,0.0108,0.0022,0.0006,0.035,0.0177,0.0157,0.2322,27272.0,11896.0,21360.0,11250.0,11004.0,8978.0,0.7334,21892.0,2695.0,1183.0
155,21.0,Stillwater,74078,35.27972027972028,33920.86713286713,OK,156,3.5,2.9,23776,2.6,Oklahoma State University,public,Oklahoma State University-Main Campus,1,6,0.7428,20743.0,0.6773,0.0459,0.0754,0.0179,0.0452,0.001,0.0997,0.0353,0.0023,0.125,22868.0,8738.0,23776.0,10258.0,9155.0,8930.0,0.8724,14824.0,1565.0,1206.0
161,21.0,Honolulu,96822,35.27972027972028,33920.86713286713,HI,159,3.5,2.8,33764,2.2,University of Hawaii--Manoa,public,University of Hawaii at Manoa,1,8,0.8315,12583.0,0.1702,0.0148,0.1144,0.3927,0.0016,0.0288,0.2476,0.0285,0.0015,0.1616,23007.0,11754.0,33786.0,11326.0,22317.0,11786.0,0.77,15296.0,667.0,1154.0
168,18.0,Merced,95343,35.27972027972028,33920.86713286713,CA,165,3.5,2.8343347639484984,41612,2.1,University of California--Merced,public,University of California-Merced,1,8,0.6979,7375.0,0.1024,0.0461,0.5325,0.1982,0.0016,0.0068,0.0325,0.074,0.0058,0.0106,34331.0,13598.0,41612.0,9245.0,9497.0,10591.0,0.898,13226.0,1625.0,1114.0
170,21.0,Mississippi State,39762,35.27972027972028,33920.86713286713,MS,171,3.4,2.6,22358,2.4,Mississippi State University,public,Mississippi State University,1,5,0.624,17723.0,0.7209,0.1992,0.0275,0.0125,0.0047,0.0008,0.0177,0.0121,0.0045,0.0774,23483.0,8318.0,22358.0,7794.0,8159.0,8569.0,0.8638,16192.0,1394.0,1195.0
175,21.0,Kent,44242,35.27972027972028,33920.86713286713,OH,176,3.4,2.6,18376,2.806829268292683,Kent State University,public,Kent State University at Kent,8,3,0.8751,22403.0,0.7474,0.0878,0.0363,0.0161,0.0017,0.0005,0.0389,0.0453,0.0259,0.1552,24064.0,10012.0,18544.0,9987.0,8971.0,8972.0,0.5578,18432.0,2540.0,1142.0
177,22.0,Lubbock,79409,35.27972027972028,33920.86713286713,TX,176,3.5,2.8,23011,2.6,Texas Tech University,public,Texas Tech University,1,6,0.6918,30330.0,0.558,0.0605,0.2775,0.0247,0.0033,0.0011,0.0184,0.0519,0.0045,0.1005,22615.0,8860.0,18652.0,9263.0,7193.0,8928.0,0.8819,17134.0,2248.0,1176.0
180,21.0,Madison,53711,35.27972027972028,33920.86713286713,WI,181,3.4,2.8343347639484984,28500,2.806829268292683,Edgewood College,private,Edgewood College,1,3,0.7111,1521.0,0.7876,0.0302,0.0625,0.0289,0.0026,0.002,0.0256,0.0329,0.0276,0.1105,40472.0,28500.0,28500.0,18798.0,9432.0,6049.0,0.5672,24228.0,204.0,1145.0
187,20.0,Muncie,47306,35.27972027972028,33920.86713286713,IN,187,3.5,2.6,25938,2.806829268292683,Ball State University,public,Ball State University,1,3,0.6208,16277.0,0.7946,0.0843,0.0492,0.0118,0.0002,0.001,0.033,0.0145,0.0114,0.0706,23468.0,9774.0,25942.0,8484.0,10886.0,7561.0,0.7978,15187.0,2507.0,1138.0
188,15.0,Montclair,7043,35.27972027972028,33920.86713286713,NJ,187,3.2,2.2,20566,2.806829268292683,Montclair State University,public,Montclair State University,1,2,0.7066,16673.0,0.4146,0.1294,0.2787,0.0589,0.0008,0.0025,0.0296,0.0139,0.0716,0.1104,25517.0,12455.0,20567.0,9372.0,9764.0,9933.0,0.3533,18500.0,2212.0,1070.0
191,21.0,Berrien Springs,49104,35.27972027972028,33920.86713286713,MI,192,3.5,2.8343347639484984,28436,2.806829268292683,Andrews University,private,Andrews University,1,3,0.5766,1439.0,0.2669,0.1925,0.1411,0.1459,0.0028,0.0035,0.0431,0.1779,0.0264,0.0806,38316.0,28436.0,28436.0,15226.0,12945.0,4805.0,0.9504,21460.0,173.0,1203.0
194,19.0,Albuquerque,87131,35.27972027972028,33920.86713286713,NM,192,3.4,2.7,22412,2.6,University of New Mexico,public,University of New Mexico-Main Campus,5,6,0.6704,18912.0,0.3249,0.0243,0.4856,0.0389,0.0567,0.0019,0.0351,0.0197,0.0128,0.212,18937.0,7448.0,22038.0,5545.0,12764.0,8954.0,0.7089,14315.0,1127.0,1103.0
197,18.0,Las Cruces,88003,35.27972027972028,33920.86713286713,NM,198,3.5,2.4,22701,2.3,New Mexico State University,public,New Mexico State University-Main Campus,5,6,0.6384,11173.0,0.2704,0.0278,0.5919,0.0116,0.0213,0.0014,0.0207,0.0447,0.0102,0.1353,17124.0,6461.0,21022.0,4583.0,10678.0,8503.0,0.753,8625.0,885.0,1043.0
200,22.0,Charlotte,28223,35.27972027972028,33920.86713286713,NC,198,3.9,2.8,20268,2.6,University of North Carolina--Charlotte,public,University of North Carolina at Charlotte,1,5,0.6584,23622.0,0.5769,0.1636,0.0967,0.0656,0.0034,0.0012,0.045,0.0251,0.0225,0.1283,21882.0,6832.0,20266.0,8060.0,9534.0,9615.0,0.7122,16286.0,2087.0,1187.0
201,20.0,Bowling Green,43403,35.27972027972028,33920.86713286713,OH,202,3.4,2.5,18593,2.806829268292683,Bowling Green State University,public,Bowling Green State University-Main Campus,2,3,0.732,13790.0,0.7824,0.0913,0.0419,0.0092,0.0015,0.0006,0.0333,0.0189,0.0209,0.0553,23772.0,11057.0,18593.0,9154.0,9390.0,8821.0,0.6988,19128.0,2257.0,1088.0
202,19.0,Fullerton,92831,35.27972027972028,33920.86713286713,CA,202,3.6,2.6,17460,2.8,California State University--Fullerton,public,California State University-Fullerton,1,8,0.4572,35045.0,0.191,0.0186,0.4334,0.2122,0.0011,0.0017,0.043,0.0619,0.037,0.1889,17529.0,6850.0,18730.0,5693.0,7101.0,9747.0,0.4799,8737.0,2716.0,1096.0
203,19.0,Dallas,75211,35.27972027972028,33920.86713286713,TX,202,3.7,2.8343347639484984,27480,2.806829268292683,Dallas Baptist University,private,Dallas Baptist University,1,6,0.3942,3053.0,0.6063,0.1258,0.1654,0.0203,0.0085,0.0026,0.0,0.0711,0.0,0.2191,37754.0,27480.0,27480.0,17479.0,9816.0,8205.0,1.0,25334.0,289.0,1122.0
204,21.0,Boston,2125,35.27972027972028,33920.86713286713,MA,202,3.3,2.6,32985,2.806829268292683,University of Massachusetts--Boston,public,University of Massachusetts-Boston,1,1,0.7515,12159.0,0.3371,0.1675,0.1568,0.1324,0.0018,0.0002,0.0307,0.1181,0.0553,0.2236,21777.0,13828.0,32985.0,13920.0,14654.0,10965.0,0.6155,12292.0,985.0,1107.0
206,20.0,Mount Pleasant,48859,35.27972027972028,33920.86713286713,MI,207,3.4,2.3,23670,2.6,Central Michigan University,public,Central Michigan University,1,3,0.6775,17489.0,0.7772,0.0883,0.0461,0.0113,0.0079,0.0006,0.0367,0.0194,0.0125,0.1153,23328.0,12510.0,23670.0,10425.0,8551.0,9030.0,0.6977,15531.0,2795.0,1125.0
208,19.0,Tallahassee,32307,35.27972027972028,33920.86713286713,FL,207,3.5,2.8343347639484984,17725,2.3,Florida A&M University,public,Florida Agricultural and Mechanical University,1,5,0.4563,7552.0,0.033,0.8931,0.0267,0.004,0.0007,0.0,0.0342,0.0083,0.0,0.0927,22235.0,5785.0,17725.0,4537.0,8896.0,8077.0,0.9941,14279.0,865.0,1044.0
211,21.0,Denver,80217,35.27972027972028,33920.86713286713,CO,207,3.4,2.9,31209,2.2,University of Colorado--Denver,public,University of Colorado Denver/Anschutz Medical Campus,1,7,0.6522,11531.0,0.4808,0.0526,0.2148,0.0985,0.0036,0.001,0.0556,0.0772,0.0159,0.2513,21105.0,9107.0,25259.0,14337.0,30280.0,10326.0,0.6724,14941.0,708.0,1179.0
213,20.0,Missoula,59812,35.27972027972028,33920.86713286713,MT,207,3.3,2.6,24943,2.806829268292683,University of Montana,public,The University of Montana,2,7,0.9264,8958.0,0.787,0.0109,0.0471,0.0119,0.033,0.0023,0.045,0.0148,0.0478,0.1749,18490.0,7063.0,24943.0,8309.0,9899.0,7608.0,0.7253,15006.0,687.0,1165.0
215,23.0,Miami,33199,35.27972027972028,33920.86713286713,FL,216,3.9,2.6,18956,2.1,Florida International University,public,Florida International University,1,5,0.5407,41834.0,0.0883,0.1224,0.6696,0.0241,0.0007,0.0008,0.0271,0.0627,0.0043,0.3735,19055.0,6556.0,18954.0,6406.0,7565.0,10225.0,0.9829,12503.0,3231.0,1172.0
216,21.0,Ruston,71272,35.27972027972028,33920.86713286713,LA,216,3.7,2.3,18438,2.2,Louisiana Tech University,public,Louisiana Tech University,1,5,0.6484,8067.0,0.7077,0.1294,0.0379,0.013,0.004,0.0006,0.0289,0.0193,0.0591,0.0604,19225.0,9645.0,18558.0,7570.0,5576.0,7277.0,0.8134,10774.0,1028.0,1195.0
217,20.0,Brookings,57007,35.27972027972028,33920.86713286713,SD,216,3.4,2.8343347639484984,11403,2.806829268292683,South Dakota State University,public,South Dakota State University,1,4,0.9137,9704.0,0.87,0.0199,0.0237,0.0092,0.0089,0.0004,0.0224,0.0434,0.0023,0.1335,22410.0,8441.0,11689.0,8479.0,8731.0,8135.0,0.8075,19415.0,801.0,1144.0
219,25.0,Huntsville,35899,35.27972027972028,33920.86713286713,AL,216,3.8,2.5,21480,2.4,University of Alabama--Huntsville,public,University of Alabama in Huntsville,1,5,0.8123,6917.0,0.7415,0.1073,0.0463,0.0402,0.011,0.001,0.0259,0.024,0.0029,0.1496,22108.0,10280.0,21480.0,8727.0,9748.0,9391.0,0.6457,19986.0,485.0,1322.0
221,20.0,Logan,84322,35.27972027972028,33920.86713286713,UT,216,3.5,2.5,20726,2.4,Utah State University,public,Utah State University,1,7,0.8908,21473.0,0.8195,0.0086,0.0594,0.0107,0.0189,0.0036,0.0227,0.0105,0.0462,0.2064,17671.0,7870.0,21520.0,6286.0,9489.0,9058.0,0.9583,13279.0,1333.0,1177.0
222,20.0,Ashland,44805,35.27972027972028,33920.86713286713,OH,223,3.4,2.8343347639484984,20700,2.806829268292683,Ashland University,private,Ashland University,1,3,0.7351,3660.0,0.7716,0.1331,0.0224,0.0085,0.0049,0.0019,0.0183,0.018,0.0213,0.118,32500.0,20700.0,20700.0,14350.0,8091.0,6933.0,0.372,20221.0,539.0,1121.0
223,20.0,Lisle,60532,35.27972027972028,33920.86713286713,IL,223,3.4,2.8343347639484984,33900,2.806829268292683,Benedictine University,private,Benedictine University,1,3,0.6217,2864.0,0.4392,0.0821,0.1697,0.1512,0.0056,0.0031,0.0,0.0077,0.1414,0.1393,42641.0,33900.0,33900.0,15350.0,6919.0,8210.0,0.2576,23827.0,448.0,1093.0
224,16.0,Fresno,93740,35.27972027972028,33920.86713286713,CA,223,3.5,2.3,17929,2.7,California State University--Fresno,public,California State University-Fresno,1,8,0.5941,21877.0,0.1814,0.029,0.5168,0.1364,0.0038,0.0018,0.0282,0.0602,0.0423,0.1127,16205.0,6585.0,18465.0,3860.0,7031.0,9208.0,0.5268,5872.0,2349.0,1004.0
225,18.0,Boiling Springs,28017,35.27972027972028,33920.86713286713,NC,223,3.7,2.8343347639484984,30740,2.806829268292683,Gardner-Webb University,private,Gardner-Webb University,1,5,0.527,2210.0,0.6729,0.1407,0.038,0.0131,0.0054,0.0014,0.0136,0.0009,0.114,0.1941,42768.0,30700.0,30700.0,12981.0,8982.0,6884.0,0.9749,21154.0,332.0,1102.0
226,20.0,Atlanta,30302,35.27972027972028,33920.86713286713,GA,223,3.4,3.1,29432,2.806829268292683,Georgia State University,public,Georgia State University,2,5,0.6985,25031.0,0.2343,0.4204,0.1086,0.1363,0.0012,0.0006,0.0623,0.0242,0.0121,0.2117,24857.0,9112.0,23971.0,7672.0,7083.0,8775.0,0.7401,15506.0,2719.0,1128.0
228,19.0,Vermillion,57069,35.27972027972028,33920.86713286713,SD,223,3.0,2.4,11688,2.806829268292683,University of South Dakota,public,University of South Dakota,1,4,0.8691,6171.0,0.8378,0.031,0.0387,0.0141,0.0175,0.0006,0.0344,0.0214,0.0045,0.2092,21239.0,8772.0,12019.0,8302.0,10182.0,7763.0,0.7184,17359.0,528.0,1125.0
230,16.0,Springfield,1109,35.27972027972028,33920.86713286713,MA,-1,3.5465020576131687,2.8343347639484984,33140,2.806829268292683,American International College,private,American International College,1,1,0.7183,1336.0,0.375,0.2455,0.1969,0.0127,0.0052,0.0045,0.0277,0.0307,0.1018,0.0614,47630.0,34470.0,34470.0,14553.0,6536.0,6262.0,0.1738,22429.0,292.0,997.0
233,20.0,Boise,83725,35.27972027972028,33920.86713286713,ID,-1,3.4,2.5,22642,2.2,Boise State University,public,Boise State University,1,7,0.8399,16265.0,0.7412,0.017,0.1292,0.0215,0.0037,0.0048,0.0461,0.0229,0.0135,0.2349,18284.0,7326.0,22642.0,8148.0,7859.0,7763.0,0.5122,13796.0,942.0,1093.0
234,18.0,Milwaukee,53217,35.27972027972028,33920.86713286713,WI,-1,3.1,2.8343347639484984,28844,2.806829268292683,Cardinal Stritch University,private,Cardinal Stritch University,1,3,0.7835,1284.0,0.4252,0.1963,0.1729,0.028,0.007,0.0016,0.0218,0.134,0.0132,0.3037,38738.0,28844.0,28844.0,13774.0,5751.0,6018.0,0.3321,17199.0,108.0,1044.0
236,19.0,Cleveland,44115,35.27972027972028,33920.86713286713,OH,-1,3.3,2.2,13848,2.1,Cleveland State University,public,Cleveland State University,1,3,0.9006,11647.0,0.6399,0.162,0.0573,0.0337,0.0021,0.001,0.0363,0.0533,0.0143,0.2117,22293.0,9778.0,13829.0,10618.0,9773.0,9389.0,0.4886,16926.0,1341.0,1104.0
238,20.0,Johnson City,37614,35.27972027972028,33920.86713286713,TN,-1,3.5,2.1,26463,2.806829268292683,East Tennessee State University,public,East Tennessee State University,1,5,0.8547,10881.0,0.8143,0.0687,0.0269,0.0132,0.0023,0.0011,0.0291,0.0332,0.0111,0.1171,21904.0,8679.0,26463.0,8636.0,12381.0,7201.0,0.6163,14218.0,1147.0,1122.0
239,20.0,Boca Raton,33431,35.27972027972028,33920.86713286713,FL,-1,4.0,2.4,21595,2.806829268292683,Florida Atlantic University,public,Florida Atlantic University,1,5,0.6001,23748.0,0.409,0.2017,0.2706,0.0415,0.0021,0.0011,0.0374,0.0283,0.0083,0.3302,18593.0,4831.0,17276.0,6197.0,7200.0,8999.0,0.684,10466.0,1612.0,1149.0
240,22.0,Statesboro,30460,35.27972027972028,33920.86713286713,GA,-1,3.3,2.3,18692,2.4,Georgia Southern University,public,Georgia Southern University,1,5,0.6829,17062.0,0.6282,0.2441,0.0553,0.0185,0.0048,0.001,0.0249,0.0165,0.0067,0.0809,22467.0,6356.0,17142.0,6087.0,6408.0,6880.0,0.9026,16548.0,2131.0,1174.0
241,23.02405498281787,Phoenix,85017,35.27972027972028,33920.86713286713,AZ,-1,3.5465020576131687,2.8343347639484984,17050,2.806829268292683,Grand Canyon University,proprietary,Grand Canyon University,1,6,0.6692,48666.0,0.4825,0.1669,0.1959,0.0305,0.0106,0.0062,0.0391,0.008,0.0605,0.6716,31051.0,17050.0,17050.0,10977.0,1997.0,6482.0,0.0709,20570.0,1775.0,1218.8087248322147
242,16.0,Terre Haute,47809,35.27972027972028,33920.86713286713,IN,-1,3.1,2.4,19454,2.806829268292683,Indiana State University,public,Indiana State University,1,3,0.8451,10817.0,0.6542,0.1947,0.0443,0.0113,0.0031,0.0004,0.0403,0.0449,0.0069,0.1353,21056.0,8916.0,19452.0,5851.0,7498.0,7503.0,0.7098,13012.0,1706.0,1013.0
243,23.02405498281787,Indiana,15705,35.27972027972028,33920.86713286713,PA,-1,3.5465020576131687,2.1,15882,2.806829268292683,Indiana University of Pennsylvania,public,Indiana University of Pennsylvania-Main Campus,1,2,0.9082,9965.0,0.7378,0.1242,0.0446,0.0102,0.0005,0.0003,0.0446,0.0293,0.0085,0.0495,26075.0,12119.0,17271.0,9479.0,10659.0,9704.0,0.7715,20761.0,1863.0,1016.0
244,16.0,Jackson,39217,35.27972027972028,33920.86713286713,MS,-1,2.9,2.8343347639484984,17614,2.806829268292683,Jackson State University,public,Jackson State University,1,5,0.7173,6467.0,0.0376,0.912,0.0076,0.0023,0.0026,0.0,0.0145,0.0233,0.0,0.0829,22397.0,7621.0,18314.0,5545.0,9004.0,7246.0,0.6672,15380.0,756.0,990.0
245,21.0,Kennesaw,30144,35.27972027972028,33920.86713286713,GA,-1,3.3,2.7,21158,2.4,Kennesaw State University,public,Kennesaw State University,1,5,0.6063,32309.0,0.5557,0.2127,0.0964,0.0474,0.0017,0.0011,0.0465,0.0172,0.0214,0.2387,23919.0,6347.0,17329.0,6409.0,5952.0,7099.0,0.6044,18284.0,3219.0,1163.0
246,18.0,Beaumont,77710,35.27972027972028,33920.86713286713,TX,-1,3.2,2.0,22561,2.806829268292683,Lamar University,public,Lamar University,1,6,0.8165,8928.0,0.4596,0.2653,0.1679,0.0464,0.0055,0.0013,0.0242,0.0124,0.0174,0.3328,19367.0,8314.0,18274.0,6741.0,5402.0,8283.0,0.7705,12941.0,974.0,1045.0
247,21.0,Lynchburg,24502,35.27972027972028,33920.86713286713,VA,-1,3.5,2.8343347639484984,24304,2.2,Liberty University,private,Liberty University,1,5,0.2979,45364.0,0.4994,0.1088,0.0517,0.0121,0.0048,0.0015,0.0214,0.0148,0.2856,0.4079,37388.0,21310.0,21310.0,11353.0,2832.0,5682.0,0.4614,27573.0,2182.0,1157.0
248,20.0,St. Charles,63301,35.27972027972028,33920.86713286713,MO,-1,3.3,2.8343347639484984,16960,2.806829268292683,Lindenwood University,private,Lindenwood University,2,4,0.7375,6807.0,0.4998,0.1237,0.0386,0.0069,0.0029,0.0026,0.0222,0.1193,0.1839,0.0903,29322.0,16960.0,16960.0,13194.0,4827.0,7468.0,1.0,17548.0,668.0,1097.0
249,19.0,Murfreesboro,37132,35.27972027972028,33920.86713286713,TN,-1,3.4,2.2,27578,2.806829268292683,Middle Tennessee State University,public,Middle Tennessee State University,1,5,0.5935,18600.0,0.6301,0.2123,0.0524,0.0305,0.0026,0.0004,0.0345,0.0355,0.0017,0.1517,20405.0,8612.0,26348.0,6909.0,9248.0,7349.0,0.7682,12416.0,1905.0,1124.0
250,16.0,Baltimore,21251,35.27972027972028,33920.86713286713,MD,-1,3.0,2.0,17833,2.806829268292683,Morgan State University,public,Morgan State University,1,2,0.6372,6426.0,0.019,0.7698,0.0335,0.0087,0.0012,0.0006,0.0316,0.1214,0.0142,0.0937,23774.0,7766.0,17832.0,7306.0,9551.0,8799.0,0.6783,16658.0,589.0,977.0
251,23.02405498281787,Chicago,60603,35.27972027972028,33920.86713286713,IL,-1,3.5465020576131687,2.8343347639484984,10380,2.806829268292683,National Louis University,private,National Louis University,1,3,0.8559,1758.0,0.1724,0.2907,0.4704,0.0154,0.0017,0.0017,0.0148,0.0057,0.0273,0.3083,24158.0,10440.0,10440.0,15427.0,6151.0,6148.0,0.9866,15579.0,283.0,1218.8087248322147
252,18.0,Greensboro,27411,35.27972027972028,33920.86713286713,NC,-1,3.5,2.8343347639484984,19416,2.2,North Carolina A&T State University,public,North Carolina A & T State University,1,5,0.6223,10011.0,0.053,0.8198,0.0397,0.0077,0.0031,0.0001,0.0396,0.0122,0.0249,0.0747,19243.0,6526.0,19416.0,6271.0,8508.0,8929.0,0.6855,11743.0,1321.0,1010.0
253,20.0,Flagstaff,86011,35.27972027972028,33920.86713286713,AZ,-1,3.6,2.5,24841,2.8,Northern Arizona University,public,Northern Arizona University,1,6,0.8085,26974.0,0.5688,0.0332,0.2396,0.0196,0.025,0.0026,0.0568,0.0436,0.0109,0.1848,26314.0,11059.0,24841.0,8015.0,7402.0,8239.0,0.6633,14789.0,2162.0,940.0
254,19.0,DeKalb,60115,35.27972027972028,33920.86713286713,IL,-1,3.3,2.6,23817,2.7,Northern Illinois University,public,Northern Illinois University,1,3,0.5332,13430.0,0.5479,0.1578,0.1772,0.0538,0.0013,0.001,0.0366,0.0208,0.0036,0.1224,28557.0,14350.0,23816.0,7816.0,14104.0,8218.0,0.7511,19823.0,1359.0,1085.0
255,20.0,Rochester,48309,35.27972027972028,33920.86713286713,MI,-1,3.4,2.0,24735,2.806829268292683,Oakland University,public,Oakland University,1,3,0.8441,15562.0,0.752,0.0713,0.0363,0.0483,0.0031,0.0009,0.0299,0.0215,0.0367,0.196,21262.0,11970.0,23873.0,11769.0,7908.0,9220.0,0.5064,12779.0,1566.0,1141.0
257,19.0,Portland,97207,35.27972027972028,33920.86713286713,OR,-1,3.4,2.5,21180,2.2,Portland State University,public,Portland State University,1,8,0.9244,18585.0,0.5493,0.0361,0.1438,0.0927,0.0124,0.0068,0.0676,0.0538,0.0375,0.2661,20322.0,8783.0,26130.0,9208.0,9389.0,9173.0,0.5696,14160.0,686.0,1105.0
258,15.0,Prairie View,77446,35.27972027972028,33920.86713286713,TX,-1,3.0,2.8343347639484984,10059,2.806829268292683,Prairie View A&M University,public,Prairie View A & M University,1,6,0.7893,7975.0,0.0183,0.8346,0.0924,0.0207,0.0034,0.0009,0.0135,0.014,0.0021,0.0795,22444.0,9959.0,23488.0,4955.0,7537.0,7653.0,0.8147,11090.0,1502.0,956.0
259,19.0,Virginia Beach,23464,35.27972027972028,33920.86713286713,VA,-1,3.5,2.8343347639484984,17450,2.806829268292683,Regent University,private,Regent University,1,5,0.783,4087.0,0.5402,0.2843,0.0861,0.0152,0.0049,0.0037,0.0509,0.0054,0.0093,0.4465,27995.0,17288.0,17288.0,12361.0,4269.0,7953.0,0.7462,17842.0,200.0,1081.0
260,19.0,Huntsville,77340,35.27972027972028,33920.86713286713,TX,-1,3.5465020576131687,2.1,22340,2.806829268292683,Sam Houston State University,public,Sam Houston State University,1,6,0.7439,18416.0,0.5056,0.1805,0.2296,0.0169,0.0055,0.0015,0.0305,0.0108,0.0189,0.1959,20791.0,8062.0,18022.0,8572.0,6570.0,7577.0,0.7895,13560.0,1977.0,1068.0
261,18.0,San Francisco,94132,35.27972027972028,33920.86713286713,CA,-1,3.2,2.5,19134,2.6,San Francisco State University,public,San Francisco State University,1,8,0.7046,25966.0,0.183,0.0544,0.3311,0.2599,0.0017,0.0042,0.0637,0.0629,0.0391,0.1513,22313.0,7254.0,19134.0,5230.0,7998.0,10411.0,0.4982,13787.0,2245.0,1054.0
262,18.0,Louisville,40203,35.27972027972028,33920.86713286713,KY,-1,3.5465020576131687,2.8343347639484984,24388,2.806829268292683,Spalding University,private,Spalding University,1,5,0.5899,1080.0,0.675,0.1935,0.0463,0.0111,0.0037,0.0,0.0454,0.0056,0.0194,0.1519,33455.0,24000.0,24000.0,17087.0,8211.0,7326.0,0.4405,21872.0,149.0,1046.0
263,16.0,Nashville,37209,35.27972027972028,33920.86713286713,TN,-1,2.9,2.0,20178,2.806829268292683,Tennessee State University,public,Tennessee State University,1,5,0.53,6380.0,0.1118,0.7434,0.0147,0.0071,0.0009,0.0,0.0212,0.0918,0.0091,0.1497,19058.0,7776.0,21132.0,6877.0,8732.0,7310.0,0.9707,11083.0,609.0,788.0
264,21.0,Cookeville,38505,35.27972027972028,33920.86713286713,TN,-1,3.6,2.8343347639484984,26190,2.1,Tennessee Technological University,public,Tennessee Technological University,1,5,0.644,9084.0,0.8336,0.0407,0.0318,0.014,0.0012,0.0003,0.0342,0.0391,0.0051,0.0954,23549.0,8513.0,24377.0,5935.0,8634.0,8012.0,1.0,14410.0,948.0,1192.0
265,17.0,Commerce,75429,35.27972027972028,33920.86713286713,TX,-1,3.3,2.1,20884,2.2,Texas A&M University--Commerce,public,Texas A & M University-Commerce,1,6,0.3454,8473.0,0.4588,0.2196,0.2082,0.0171,0.0055,0.0018,0.0677,0.0136,0.0077,0.2848,20342.0,8434.0,20884.0,7043.0,7044.0,8749.0,1.0,11704.0,723.0,1050.0
266,17.0,Corpus Christi,78412,35.27972027972028,33920.86713286713,TX,-1,3.3,2.2,26061,2.5,Texas A&M University--Corpus Christi,public,Texas A & M University-Corpus Christi,1,6,0.6046,10043.0,0.3582,0.0542,0.5074,0.0253,0.0013,0.0003,0.0185,0.0218,0.013,0.1702,20836.0,8750.0,18925.0,7716.0,6977.0,8062.0,0.654,16159.0,1001.0,983.0
267,17.0,Kingsville,78363,35.27972027972028,33920.86713286713,TX,-1,3.3,2.8343347639484984,20912,2.806829268292683,Texas A&M University--Kingsville,public,Texas A & M University-Kingsville,1,6,0.8413,5694.0,0.1668,0.0604,0.7148,0.0084,0.0018,0.0018,0.0047,0.0386,0.0026,0.121,21006.0,8462.0,22102.0,6792.0,7342.0,7668.0,0.7893,13188.0,922.0,1021.0
268,15.0,Houston,77004,35.27972027972028,33920.86713286713,TX,-1,2.9,2.1,21240,2.806829268292683,Texas Southern University,public,Texas Southern University,1,6,0.6666,7967.0,0.0131,0.7908,0.0672,0.0163,0.0065,0.0008,0.0188,0.0866,0.0,0.1597,24089.0,9173.0,21623.0,8389.0,11105.0,7650.0,0.6782,19676.0,904.0,846.0
269,20.0,San Marcos,78666,35.27972027972028,33920.86713286713,TX,-1,3.5465020576131687,2.2,23071,2.806829268292683,Texas State University,public,Texas State University,1,6,0.7298,34180.0,0.4598,0.0975,0.3732,0.0221,0.0025,0.0016,0.0352,0.0054,0.0027,0.1803,21383.0,9985.0,21605.0,8234.0,7145.0,7960.0,0.7473,15545.0,3773.0,1121.0
270,17.0,Denton,76204,35.27972027972028,33920.86713286713,TX,-1,3.1,2.8343347639484984,21816,2.806829268292683,Texas Woman's University,public,Texas Woman's University,1,6,0.8571,9417.0,0.3607,0.1835,0.3071,0.0908,0.003,0.0006,0.0363,0.0091,0.0088,0.2609,17539.0,7486.0,17446.0,6019.0,6923.0,8332.0,0.9764,9493.0,894.0,1002.0
271,19.0,Nashville,37210,35.27972027972028,33920.86713286713,TN,-1,3.4,2.8343347639484984,25100,2.806829268292683,Trevecca Nazarene University,private,Trevecca Nazarene University,1,5,0.7038,2112.0,0.6075,0.1241,0.0947,0.0128,0.0033,0.0014,0.0284,0.0573,0.0705,0.3764,35805.0,25100.0,25100.0,12650.0,6139.0,6644.0,1.0,18549.0,262.0,1121.0
273,19.0,Akron,44325,35.27972027972028,33920.86713286713,OH,-1,3.3,2.3,21863,2.1,University of Akron,public,University of Akron Main Campus,2,3,0.9255,15047.0,0.7331,0.1235,0.0274,0.0274,0.0014,0.0004,0.0455,0.022,0.0193,0.1275,24128.0,10270.0,18801.0,9845.0,10572.0,9571.0,0.5319,17951.0,1863.0,1125.0
274,19.0,Little Rock,72204,35.27972027972028,33920.86713286713,AR,-1,3.1,2.5,19797,2.0,University of Arkansas--Little Rock,public,University of Arkansas at Little Rock,1,5,0.7463,6677.0,0.507,0.2864,0.0428,0.0193,0.0027,0.0,0.1002,0.0395,0.0021,0.3654,21377.0,8998.0,21208.0,5808.0,7563.0,7425.0,0.9774,13729.0,561.0,1105.0
275,21.0,Lafayette,70504,35.27972027972028,33920.86713286713,LA,-1,3.3,2.3,23074,2.806829268292683,University of Louisiana--Lafayette,public,University of Louisiana at Lafayette,1,5,0.5087,14753.0,0.6517,0.2063,0.0543,0.0228,0.0019,0.0008,0.0209,0.0163,0.0251,0.1363,20443.0,9888.0,23616.0,9443.0,7588.0,8559.0,0.7706,12768.0,1891.0,1162.0
276,19.0,Monroe,71209,35.27972027972028,33920.86713286713,LA,-1,3.5,2.0,20381,2.806829268292683,University of Louisiana--Monroe,public,University of Louisiana at Monroe,1,5,0.7546,6121.0,0.6154,0.2464,0.0211,0.019,0.0042,0.0007,0.0253,0.0431,0.0248,0.1596,19162.0,8470.0,20570.0,7978.0,6819.0,7268.0,1.0,11316.0,841.0,1124.0
277,17.0,Princess Anne,21853,35.27972027972028,33920.86713286713,MD,-1,2.9,2.0,18048,2.4,University of Maryland--Eastern Shore,public,University of Maryland Eastern Shore,1,2,0.3901,2799.0,0.0975,0.7621,0.0389,0.0104,0.0025,0.0007,0.055,0.03,0.0029,0.0807,22192.0,8042.0,18048.0,4214.0,12436.0,8235.0,0.6935,15860.0,479.0,950.0
278,19.0,Memphis,38152,35.27972027972028,33920.86713286713,TN,-1,3.4,2.7,21413,2.1,University of Memphis,public,University of Memphis,1,5,0.8482,15901.0,0.4787,0.3667,0.0513,0.0347,0.0028,0.0008,0.0382,0.0176,0.0092,0.2221,22201.0,9317.0,21029.0,8105.0,9820.0,8795.0,0.6615,13921.0,1786.0,1106.0
279,21.0,St. Louis,63121,35.27972027972028,33920.86713286713,MO,-1,3.4,2.6,27327,2.7,University of Missouri--St. Louis,public,University of Missouri-St Louis,1,4,0.7594,7362.0,0.6362,0.1697,0.0336,0.0515,0.0035,0.0014,0.0329,0.0326,0.0387,0.2876,21397.0,9590.0,25505.0,8691.0,9876.0,8569.0,0.5222,10010.0,232.0,1197.0
280,19.0,Omaha,68182,35.27972027972028,33920.86713286713,NE,-1,3.4,2.6,22035,2.806829268292683,University of Nebraska--Omaha,public,University of Nebraska at Omaha,1,4,0.8653,12424.0,0.6683,0.0619,0.1255,0.0395,0.0024,0.0011,0.0456,0.0391,0.0166,0.2135,17935.0,7630.0,20320.0,6562.0,8886.0,8303.0,0.5041,13173.0,1151.0,1125.0
282,20.0,New Orleans,70148,35.27972027972028,33920.86713286713,LA,-1,3.2,2.4,13530,2.806829268292683,University of New Orleans,public,University of New Orleans,1,5,0.5661,5917.0,0.5153,0.1655,0.1264,0.086,0.003,0.0008,0.0456,0.045,0.0123,0.2045,18619.0,8484.0,13320.0,8970.0,7865.0,7762.0,0.6551,11135.0,557.0,1126.0
283,21.0,Greensboro,27402,35.27972027972028,33920.86713286713,NC,-1,3.8,2.6,22410,2.806829268292683,University of North Carolina--Greensboro,public,University of North Carolina at Greensboro,1,5,0.7804,15988.0,0.4892,0.2879,0.0934,0.0544,0.004,0.0006,0.049,0.017,0.0046,0.1255,19276.0,7250.0,22409.0,6059.0,8944.0,8534.0,0.7557,12226.0,2107.0,1114.0
284,19.0,Greeley,80639,35.27972027972028,33920.86713286713,CO,-1,3.3,2.3,20474,2.806829268292683,University of Northern Colorado,public,University of Northern Colorado,1,7,0.8908,9104.0,0.6115,0.0457,0.2089,0.0199,0.0041,0.0015,0.0466,0.0119,0.05,0.0941,22604.0,9546.0,21132.0,10560.0,10145.0,7749.0,0.6081,20367.0,1233.0,1107.0
286,20.0,Mobile,36688,35.27972027972028,33920.86713286713,AL,-1,3.5,2.1,19586,2.6,University of South Alabama,public,University of South Alabama,1,5,0.8208,10712.0,0.5927,0.2251,0.0334,0.03,0.0065,0.0015,0.0308,0.0579,0.0221,0.1527,19702.0,7812.0,15324.0,9198.0,9082.0,7203.0,0.6234,15082.0,1158.0,1142.0
287,20.0,Hattiesburg,39406,35.27972027972028,33920.86713286713,MS,-1,3.3,2.2,9854,2.806829268292683,University of Southern Mississippi,public,University of Southern Mississippi,1,5,0.9843,11747.0,0.6098,0.2848,0.0331,0.0127,0.0046,0.001,0.0278,0.0162,0.0101,0.116,20866.0,8218.0,10218.0,6718.0,8878.0,7553.0,0.9882,13178.0,800.0,1125.0
288,20.0,Arlington,76019,35.27972027972028,33920.86713286713,TX,-1,3.5465020576131687,2.7,25152,2.4,University of Texas--Arlington,public,The University of Texas at Arlington,1,6,0.7122,32955.0,0.3626,0.1482,0.2748,0.1132,0.0028,0.0016,0.0358,0.0409,0.02,0.4604,21154.0,9952.0,25152.0,7432.0,5326.0,9371.0,1.0,13200.0,1708.0,1163.0
289,17.0,El Paso,79968,35.27972027972028,33920.86713286713,TX,-1,3.2,2.3,21396,2.1,University of Texas--El Paso,public,The University of Texas at El Paso,1,6,1.0,21216.0,0.0582,0.0245,0.8371,0.0073,0.0007,0.0013,0.0088,0.0581,0.0041,0.3395,16033.0,7851.0,21596.0,5847.0,7663.0,8902.0,0.6981,8135.0,2118.0,1011.0
290,18.0,Edinburg,78539,35.27972027972028,33920.86713286713,TX,-1,3.5465020576131687,2.8343347639484984,17230,2.1,University of Texas--Rio Grande Valley,public,The University of Texas Rio Grande Valley,1,6,0.8048,24142.0,0.0249,0.0046,0.9179,0.0121,0.0002,0.0005,0.0031,0.0245,0.0123,0.228,13401.0,7587.0,17547.0,4447.0,7266.0,7573.0,0.8718,3901.0,2820.0,1020.0
291,20.0,San Antonio,78249,35.27972027972028,33920.86713286713,TX,-1,3.5465020576131687,2.4,23379,2.1,University of Texas--San Antonio,public,The University of Texas at San Antonio,1,6,0.7946,25709.0,0.2337,0.0917,0.553,0.0561,0.0018,0.002,0.0342,0.0204,0.0071,0.1729,19906.0,7969.0,19168.0,7672.0,7043.0,9261.0,0.7177,12745.0,2906.0,1122.0
292,19.0,Williamsburg,40769,35.27972027972028,33920.86713286713,KY,-1,3.5,2.8343347639484984,23000,2.806829268292683,University of the Cumberlands,private,University of the Cumberlands,1,5,0.7436,2085.0,0.5204,0.0297,0.0144,0.0043,0.0029,0.0005,0.0101,0.0336,0.3842,0.1338,37529.0,23000.0,23000.0,8018.0,3339.0,5136.0,0.4649,19509.0,349.0,1092.0
293,20.0,Toledo,43606,35.27972027972028,33920.86713286713,OH,-1,3.4,2.3,18578,2.1,University of Toledo,public,University of Toledo,1,3,0.9435,15109.0,0.6839,0.1117,0.0516,0.0216,0.0015,0.0006,0.033,0.0635,0.0328,0.1448,23471.0,9547.0,18885.0,10646.0,13027.0,8707.0,0.7079,15095.0,1971.0,1142.0
294,21.0,Pensacola,32514,35.27972027972028,33920.86713286713,FL,-1,3.6,2.8343347639484984,18628,2.1,University of West Florida,public,The University of West Florida,1,5,0.4958,9602.0,0.6527,0.1248,0.0933,0.0317,0.0062,0.0027,0.0532,0.0179,0.0175,0.2935,16910.0,6360.0,19241.0,5928.0,6318.0,8083.0,1.0,10729.0,667.0,1185.0
295,18.0,Carrollton,30118,35.27972027972028,33920.86713286713,GA,-1,3.2,2.0,20406,2.806829268292683,University of West Georgia,public,University of West Georgia,1,5,0.5862,10468.0,0.4664,0.4003,0.0628,0.01,0.0011,0.0012,0.0357,0.009,0.0135,0.1594,21257.0,6226.0,17010.0,5755.0,7083.0,6452.0,0.8041,15056.0,1799.0,1016.0
296,20.0,Milwaukee,53201,35.27972027972028,33920.86713286713,WI,-1,3.1,2.8,19851,2.4,University of Wisconsin--Milwaukee,public,University of Wisconsin-Milwaukee,1,3,0.7248,19436.0,0.6595,0.0765,0.1108,0.0677,0.0039,0.0009,0.0427,0.0359,0.0022,0.1338,21701.0,9565.0,20844.0,8765.0,8925.0,8426.0,0.6545,16650.0,1951.0,1125.0
297,19.0,Valdosta,31698,35.27972027972028,33920.86713286713,GA,-1,3.2,2.1,17196,2.806829268292683,Valdosta State University,public,Valdosta State University,1,5,0.7417,8557.0,0.4731,0.3853,0.0644,0.0117,0.0023,0.0006,0.0375,0.0212,0.004,0.1665,20988.0,6410.0,17196.0,6216.0,6718.0,6624.0,0.7658,14656.0,941.0,1059.0
298,21.0,Wichita,67260,35.27972027972028,33920.86713286713,KS,-1,3.4,2.3,17270,2.2,Wichita State University,public,Wichita State University,1,4,0.938,10970.0,0.6,0.0608,0.1224,0.0723,0.0065,0.0012,0.0481,0.0662,0.0225,0.2095,18924.0,8432.0,17390.0,8568.0,7543.0,7651.0,0.968,14113.0,777.0,1159.0
299,18.0,Dayton,45435,35.27972027972028,33920.86713286713,OH,-1,3.3,2.3,17350,2.2,Wright State University,public,Wright State University-Main Campus,2,3,0.9677,11251.0,0.7453,0.1106,0.0356,0.0261,0.0014,0.001,0.043,0.0319,0.0051,0.1715,21261.0,8730.0,17098.0,9612.0,10860.0,9173.0,0.994,16249.0,1586.0,1107.0
